"key"	"dataValue"	"taxonId"	"origTaxonId"	"preferredQualifiedTaxonName"	"preferredTaxon"	"preferredTaxonQualifier"	"origTaxon"	"origQualifier"	"notes"	"referenceSummary"	"reference entity id"
"Asplenium trichomanes subsp. pachyrachis (H.Christ) Lovis & Reichst."	"scarce"	"2cd4p9h.b1"	"2cd4p9h.b1"	"Asplenium trichomanes subsp. pachyrachis (H.Christ) Lovis & Reichst."	"Asplenium trichomanes subsp. pachyrachis"		"Asplenium trichomanes subsp. pachyrachis"				
"Trichomanes speciosum Willd. (sporophyte)"	"scarce"	"2cd4p9h.c3"	"2cd4p9h.c3"	"Trichomanes speciosum Willd. (sporophyte)"	"Trichomanes speciosum"	"(sporophyte)"	"Trichomanes speciosum"	"(sporophyte)"			
"Actaea spicata L."	"rare"	"2cd4p9h.dt"	"2cd4p9h.dt"	"Actaea spicata L."	"Actaea spicata"		"Actaea spicata"				
"Althaea officinalis L."	"scarce"	"2cd4p9h.fz"	"2cd4p9h.fz"	"Althaea officinalis L."	"Althaea officinalis"		"Althaea officinalis"				
"Artemisia campestris L."	"rare"	"2cd4p9h.w5"	"2cd4p9h.w5"	"Artemisia campestris L."	"Artemisia campestris"		"Artemisia campestris"				
"Arum italicum subsp. neglectum (F.Towns.) Prime"	"scarce"	"2cd4p9h.wh"	"2cd4p9h.wh"	"Arum italicum subsp. neglectum (F.Towns.) Prime"	"Arum italicum subsp. neglectum"		"Arum italicum subsp. neglectum"				
"Briza minor L."	"scarce"	"2cd4p9h.kp"	"2cd4p9h.kp"	"Briza minor L."	"Briza minor"		"Briza minor"				
"Bromopsis benekenii (Lange) Holub"	"scarce"	"2cd4p9h.x0"	"2cd4p9h.x0"	"Bromopsis benekenii (Lange) Holub"	"Bromopsis benekenii"		"Bromopsis benekenii"				
"Carex appropinquata Schumach."	"scarce"	"2cd4p9h.nd"	"2cd4p9h.nd"	"Carex appropinquata Schumach."	"Carex appropinquata"		"Carex appropinquata"				
"Carex maritima Gunnerus"	"scarce"	"2cd4p9h.nm"	"2cd4p9h.nm"	"Carex maritima Gunnerus"	"Carex maritima"		"Carex maritima"				
"Carex rupestris Bellardi ex All."	"scarce"	"2cd4p9h.y3"	"2cd4p9h.y3"	"Carex rupestris Bellardi ex All."	"Carex rupestris"		"Carex rupestris"				
"Carex vaginata Tausch"	"scarce"	"2cd4p9h.y9"	"2cd4p9h.y9"	"Carex vaginata Tausch"	"Carex vaginata"		"Carex vaginata"				
"Centaurium littorale (Turner ex Sm.) Gilmour"	"scarce"	"2cd4p9h.yr"	"2cd4p9h.yr"	"Centaurium littorale (Turner ex Sm.) Gilmour"	"Centaurium littorale"		"Centaurium littorale"				
"Cochlearia officinalis subsp. scotica (Druce) P.S.Wyse Jacks."	"scarce"	"2cd4p9h.qm"	"2cd4p9h.qm"	"Cochlearia officinalis subsp. scotica (Druce) P.S.Wyse Jacks."	"Cochlearia officinalis subsp. scotica"		"Cochlearia officinalis subsp. scotica"				
"Corrigiola litoralis L."	"rare"	"2cd4p9h.r3"	"2cd4p9h.r3"	"Corrigiola litoralis L."	"Corrigiola litoralis"		"Corrigiola litoralis"				
"Physospermum cornubiense (L.) DC."	"rare"	"2cd4p9h.t7"	"2cd4p9h.t7"	"Physospermum cornubiense (L.) DC."	"Physospermum cornubiense"		"Physospermum cornubiense"				
"Fumaria vaillantii Loisel."	"scarce"	"2cd4p9h.12f"	"2cd4p9h.12f"	"Fumaria vaillantii Loisel."	"Fumaria vaillantii"		"Fumaria vaillantii"				
"Galium tricornutum Dandy"	"rare"	"2cd4p9h.138"	"2cd4p9h.138"	"Galium tricornutum Dandy"	"Galium tricornutum"		"Galium tricornutum"				
"Gentianella germanica (Willd.) Börner"	"rare"	"2cd4p9h.13q"	"2cd4p9h.13q"	"Gentianella germanica (Willd.) Börner"	"Gentianella germanica"		"Gentianella germanica"				
"Helianthemum apenninum (L.) Mill."	"rare"	"2cd4p9h.16b"	"2cd4p9h.16b"	"Helianthemum apenninum (L.) Mill."	"Helianthemum apenninum"		"Helianthemum apenninum"				
"Hypochaeris maculata L."	"rare"	"2cd4p9h.18c"	"2cd4p9h.18c"	"Hypochaeris maculata L."	"Hypochaeris maculata"		"Hypochaeris maculata"				
"Juncus alpinoarticulatus Chaix"	"scarce"	"2cd4p9h.19e"	"2cd4p9h.19e"	"Juncus alpinoarticulatus Chaix"	"Juncus alpinoarticulatus"		"Juncus alpinoarticulatus"				
"Juncus filiformis L."	"scarce"	"2cd4p9h.19h"	"2cd4p9h.19h"	"Juncus filiformis L."	"Juncus filiformis"		"Juncus filiformis"				
"Koenigia islandica L."	"rare"	"2cd4p9h.1aa"	"2cd4p9h.1aa"	"Koenigia islandica L."	"Koenigia islandica"		"Koenigia islandica"				
"Lathyrus palustris L."	"scarce"	"2cd4p9h.1b3"	"2cd4p9h.1b3"	"Lathyrus palustris L."	"Lathyrus palustris"		"Lathyrus palustris"				
"Leersia oryzoides (L.) Sw."	"rare"	"2cd4p9h.1bf"	"2cd4p9h.1bf"	"Leersia oryzoides (L.) Sw."	"Leersia oryzoides"		"Leersia oryzoides"				
"Linnaea borealis L."	"scarce"	"2cd4p9h.1da"	"2cd4p9h.1da"	"Linnaea borealis L."	"Linnaea borealis"		"Linnaea borealis"				
"Liparis loeselii (L.) Rich."	"rare"	"2cd4p9h.1dm"	"2cd4p9h.1dm"	"Liparis loeselii (L.) Rich."	"Liparis loeselii"		"Liparis loeselii"				
"Najas flexilis (Willd.) Rostk. & W.L.E.Schmidt"	"scarce"	"2cd4p9h.1hc"	"2cd4p9h.1hc"	"Najas flexilis (Willd.) Rostk. & W.L.E.Schmidt"	"Najas flexilis"		"Najas flexilis"				
"Lysimachia thyrsiflora L."	"scarce"	"2cd4p9h.1hx"	"2cd4p9h.1hx"	"Lysimachia thyrsiflora L."	"Lysimachia thyrsiflora"		"Lysimachia thyrsiflora"				
"Nuphar pumila (Timm) DC."	"scarce"	"2cd4p9h.1hr"	"2cd4p9h.1hr"	"Nuphar pumila (Timm) DC."	"Nuphar pumila"		"Nuphar pumila"				
"Oenanthe silaifolia M.Bieb."	"scarce"	"2cd4p9h.1vb"	"2cd4p9h.1vb"	"Oenanthe silaifolia M.Bieb."	"Oenanthe silaifolia"		"Oenanthe silaifolia"				
"Orobanche picridis F.W.Schultz"	"rare"	"2cd4p9h.1vt"	"2cd4p9h.1vt"	"Orobanche picridis F.W.Schultz"	"Orobanche picridis"		"Orobanche picridis"				
"Vaccinium microcarpum (Turcz. ex Rupr.) Schmalh."	"scarce"	"2cd4p9h.1wg"	"2cd4p9h.1wg"	"Vaccinium microcarpum (Turcz. ex Rupr.) Schmalh."	"Vaccinium microcarpum"		"Vaccinium microcarpum"				
"Pedicularis sylvatica subsp. hibernica D.A.Webb"	"scarce"	"2cd4p9h.1k3"	"2cd4p9h.1k3"	"Pedicularis sylvatica subsp. hibernica D.A.Webb"	"Pedicularis sylvatica subsp. hibernica"		"Pedicularis sylvatica subsp. hibernica"				
"Peucedanum officinale L."	"rare"	"2cd4p9h.1kf"	"2cd4p9h.1kf"	"Peucedanum officinale L."	"Peucedanum officinale"		"Peucedanum officinale"				
"Phleum phleoides (L.) H.Karst."	"rare"	"2cd4p9h.1kx"	"2cd4p9h.1kx"	"Phleum phleoides (L.) H.Karst."	"Phleum phleoides"		"Phleum phleoides"				
"Polemonium caeruleum L."	"rare"	"2cd4p9h.1xq"	"2cd4p9h.1xq"	"Polemonium caeruleum L."	"Polemonium caeruleum"		"Polemonium caeruleum"				
"Potamogeton nodosus Poir."	"scarce"	"2cd4p9h.1mm"	"2cd4p9h.1mm"	"Potamogeton nodosus Poir."	"Potamogeton nodosus"		"Potamogeton nodosus"				
"Pulmonaria longifolia (Bastard) Boreau"	"scarce"	"2cd4p9h.1nr"	"2cd4p9h.1nr"	"Pulmonaria longifolia (Bastard) Boreau"	"Pulmonaria longifolia"		"Pulmonaria longifolia"				
"Ranunculus flammula subsp. scoticus (E.S.Marshall) A.R.Clapham"	"scarce"	"2cd4p9h.1yq"	"2cd4p9h.1yq"	"Ranunculus flammula subsp. scoticus (E.S.Marshall) A.R.Clapham"	"Ranunculus flammula subsp. scoticus"		"Ranunculus flammula subsp. scoticus"				
"Coincya wrightii (O.E.Schulz) Stace"	"rare"	"2cd4p9h.1q3"	"2cd4p9h.1q3"	"Coincya wrightii (O.E.Schulz) Stace"	"Coincya wrightii"		"Coincya wrightii"				
"Romulea columnae Sebast. & Mauri"	"rare"	"2cd4p9h.1qf"	"2cd4p9h.1qf"	"Romulea columnae Sebast. & Mauri"	"Romulea columnae"		"Romulea columnae"				
"Rosa agrestis Savi"	"scarce"	"2cd4p9h.1qr"	"2cd4p9h.1qr"	"Rosa agrestis Savi"	"Rosa agrestis"		"Rosa agrestis"				
"Rumex rupestris Le Gall"	"scarce"	"2cd4p9h.1rn"	"2cd4p9h.1rn"	"Rumex rupestris Le Gall"	"Rumex rupestris"		"Rumex rupestris"				
"Salicornia dolichostachya Moss"	"scarce"	"2cd4p9h.1rt"	"2cd4p9h.1rt"	"Salicornia dolichostachya Moss"	"Salicornia dolichostachya"		"Salicornia dolichostachya"				
"Scleranthus annuus subsp. polycarpos (L.) Bonnier & Layens"	"rare"	"2cd4p9h.20a"	"2cd4p9h.20a"	"Scleranthus annuus subsp. polycarpos (L.) Bonnier & Layens"	"Scleranthus annuus subsp. polycarpos"		"Scleranthus annuus subsp. polycarpos"				
"Sesleria caerulea (L.) Ard."	"scarce"	"2cd4p9h.20s"	"2cd4p9h.20s"	"Sesleria caerulea (L.) Ard."	"Sesleria caerulea"		"Sesleria caerulea"				
"Silene conica L."	"scarce"	"2cd4p9h.216"	"2cd4p9h.216"	"Silene conica L."	"Silene conica"		"Silene conica"				
"Sorbus bristoliensis Wilmott"	"rare"	"2cd4p9h.228"	"2cd4p9h.228"	"Sorbus bristoliensis Wilmott"	"Sorbus bristoliensis"		"Sorbus bristoliensis"				
"Sorbus leptophylla E.F.Warb."	"rare"	"2cd4p9h.22k"	"2cd4p9h.22k"	"Sorbus leptophylla E.F.Warb."	"Sorbus leptophylla"		"Sorbus leptophylla"				
"Stellaria nemorum subsp. montana (Pierrat) Berher"	"rare"	"2cd4p9h.23d"	"2cd4p9h.23d"	"Stellaria nemorum subsp. montana (Pierrat) Berher"	"Stellaria nemorum subsp. montana"		"Stellaria nemorum subsp. montana"				
"Trifolium incarnatum subsp. molinerii (Balb. ex Hornem.) Ces."	"rare"	"2cd4p9h.24x"	"2cd4p9h.24x"	"Trifolium incarnatum subsp. molinerii (Balb. ex Hornem.) Ces."	"Trifolium incarnatum subsp. molinerii"		"Trifolium incarnatum subsp. molinerii"				
"Trifolium ochroleucon Huds."	"scarce"	"2cd4p9h.24y"	"2cd4p9h.24y"	"Trifolium ochroleucon Huds."	"Trifolium ochroleucon"		"Trifolium ochroleucon"				
"Trifolium suffocatum L."	"scarce"	"2cd4p9h.24r"	"2cd4p9h.24r"	"Trifolium suffocatum L."	"Trifolium suffocatum"		"Trifolium suffocatum"				
"Zostera noltei Hornem."	"scarce"	"2cd4p9h.28e"	"2cd4p9h.28e"	"Zostera noltei Hornem."	"Zostera noltei"		"Zostera noltei"				
"Limonium britannicum subsp. transcanalis Ingr."	"rare"	"2cd4p9h.2ax"	"2cd4p9h.2ax"	"Limonium britannicum subsp. transcanalis Ingr."	"Limonium britannicum subsp. transcanalis"		"Limonium britannicum subsp. transcanalis"				
"Limonium britannicum subsp. celticum Ingr."	"rare"	"2cd4p9h.2ay"	"2cd4p9h.2ay"	"Limonium britannicum subsp. celticum Ingr."	"Limonium britannicum subsp. celticum"		"Limonium britannicum subsp. celticum"				
"Serapias parviflora Parl."	"rare"	"2cd4p9h.300"	"2cd4p9h.300"	"Serapias parviflora Parl."	"Serapias parviflora"		"Serapias parviflora"				
"Arabis alpina L."	"rare"	"2cd4p9h.426"	"2cd4p9h.426"	"Arabis alpina L."	"Arabis alpina"		"Arabis alpina"				
"Ranunculus reptans L."	"rare"	"2cd4p9h.46h"	"2cd4p9h.46h"	"Ranunculus reptans L."	"Ranunculus reptans"		"Ranunculus reptans"				
"Festuca lemanii Bastard"	"rare"	"2cd4p9h.48r"	"2cd4p9h.48r"	"Festuca lemanii Bastard"	"Festuca lemanii"		"Festuca lemanii"				
"Veronica spicata L."	"scarce"	"2cd4p9h.4bv"	"2cd4p9h.4bv"	"Veronica spicata L."	"Veronica spicata"		"Veronica spicata"				
"Centaurium tenuiflorum (Hoffmanns. & Link) Fritsch"	"rare"	"2cd4p9h.4d1"	"2cd4p9h.4d1"	"Centaurium tenuiflorum (Hoffmanns. & Link) Fritsch"	"Centaurium tenuiflorum"		"Centaurium tenuiflorum"				
"Cystopteris montana (Lam.) Desv."	"rare"	"2cd4p9h.4wp"	"2cd4p9h.4wp"	"Cystopteris montana (Lam.) Desv."	"Cystopteris montana"		"Cystopteris montana"				
"Dryopteris submontana (Fraser-Jenk. & Jermy) Fraser-Jenk."	"scarce"	"2cd4p9h.4ws"	"2cd4p9h.4ws"	"Dryopteris submontana (Fraser-Jenk. & Jermy) Fraser-Jenk."	"Dryopteris submontana"		"Dryopteris submontana"				
"Isoetes histrix Bory"	"rare"	"2cd4p9h.4k9"	"2cd4p9h.4k9"	"Isoetes histrix Bory"	"Isoetes histrix"		"Isoetes histrix"				
"Bartsia alpina L."	"rare"	"2cd4p9h.4pm"	"2cd4p9h.4pm"	"Bartsia alpina L."	"Bartsia alpina"		"Bartsia alpina"				
"Betula nana L."	"scarce"	"2cd4p9h.4q0"	"2cd4p9h.4q0"	"Betula nana L."	"Betula nana"		"Betula nana"				
"Brassica oleracea L."	"scarce"	"2cd4p9h.4qz"	"2cd4p9h.4qz"	"Brassica oleracea L."	"Brassica oleracea"		"Brassica oleracea"				
"Bromus hordeaceus subsp. thominei (Hardouin) Braun-Blanq."	"scarce"	"2cd4p9h.4r5"	"2cd4p9h.4r5"	"Bromus hordeaceus subsp. thominei (Hardouin) Braun-Blanq."	"Bromus hordeaceus subsp. thominei"		"Bromus hordeaceus subsp. thominei"				
"Cardamine impatiens L."	"scarce"	"2cd4p9h.4rk"	"2cd4p9h.4rk"	"Cardamine impatiens L."	"Cardamine impatiens"		"Cardamine impatiens"				
"Carex divisa Huds."	"scarce"	"2cd4p9h.4s7"	"2cd4p9h.4s7"	"Carex divisa Huds."	"Carex divisa"		"Carex divisa"				
"Carex vulpina L."	"rare"	"2cd4p9h.4t0"	"2cd4p9h.4t0"	"Carex vulpina L."	"Carex vulpina"		"Carex vulpina"				
"Cerastium cerastoides (L.) Britton"	"scarce"	"2cd4p9h.4tr"	"2cd4p9h.4tr"	"Cerastium cerastoides (L.) Britton"	"Cerastium cerastoides"		"Cerastium cerastoides"				
"Circaea alpina L."	"scarce"	"2cd4p9h.4zb"	"2cd4p9h.4zb"	"Circaea alpina L."	"Circaea alpina"		"Circaea alpina"				
"Corallorhiza trifida Châtel."	"scarce"	"2cd4p9h.501"	"2cd4p9h.501"	"Corallorhiza trifida Châtel."	"Corallorhiza trifida"		"Corallorhiza trifida"				
"Corynephorus canescens (L.) P.Beauv."	"scarce"	"2cd4p9h.50d"	"2cd4p9h.50d"	"Corynephorus canescens (L.) P.Beauv."	"Corynephorus canescens"		"Corynephorus canescens"				
"Cynoglossum germanicum Jacq."	"rare"	"2cd4p9h.50s"	"2cd4p9h.50s"	"Cynoglossum germanicum Jacq."	"Cynoglossum germanicum"		"Cynoglossum germanicum"				
"Euphrasia rivularis Pugsley"	"rare"	"2cd4p9h.53m"	"2cd4p9h.53m"	"Euphrasia rivularis Pugsley"	"Euphrasia rivularis"		"Euphrasia rivularis"				
"Euphrasia rotundifolia Pugsley"	"rare"	"2cd4p9h.53p"	"2cd4p9h.53p"	"Euphrasia rotundifolia Pugsley"	"Euphrasia rotundifolia"		"Euphrasia rotundifolia"				
"Filago pyramidata L."	"scarce"	"2cd4p9h.54x"	"2cd4p9h.54x"	"Filago pyramidata L."	"Filago pyramidata"		"Filago pyramidata"				
"Fumaria occidentalis Pugsley"	"scarce"	"2cd4p9h.558"	"2cd4p9h.558"	"Fumaria occidentalis Pugsley"	"Fumaria occidentalis"		"Fumaria occidentalis"				
"Helianthemum oelandicum subsp. levigatum (M.Proctor) D.H.Kent"	"rare"	"2cd4p9h.57c"	"2cd4p9h.57c"	"Helianthemum oelandicum subsp. levigatum (M.Proctor) D.H.Kent"	"Helianthemum oelandicum subsp. levigatum"		"Helianthemum oelandicum subsp. levigatum"				
"Herniaria glabra L."	"rare"	"2cd4p9h.588"	"2cd4p9h.588"	"Herniaria glabra L."	"Herniaria glabra"		"Herniaria glabra"				
"Himantoglossum hircinum (L.) Spreng."	"scarce"	"2cd4p9h.58k"	"2cd4p9h.58k"	"Himantoglossum hircinum (L.) Spreng."	"Himantoglossum hircinum"		"Himantoglossum hircinum"				
"Hypericum undulatum Schousb. ex Willd."	"scarce"	"2cd4p9h.594"	"2cd4p9h.594"	"Hypericum undulatum Schousb. ex Willd."	"Hypericum undulatum"		"Hypericum undulatum"				
"Impatiens noli-tangere L."	"rare"	"2cd4p9h.597"	"2cd4p9h.597"	"Impatiens noli-tangere L."	"Impatiens noli-tangere"		"Impatiens noli-tangere"				
"Lathyrus aphaca L."	"scarce"	"2cd4p9h.5ay"	"2cd4p9h.5ay"	"Lathyrus aphaca L."	"Lathyrus aphaca"		"Lathyrus aphaca"				
"Lathyrus hirsutus L."	"rare"	"2cd4p9h.5ar"	"2cd4p9h.5ar"	"Lathyrus hirsutus L."	"Lathyrus hirsutus"		"Lathyrus hirsutus"				
"Limonium bellidifolium (Gouan) Dumort."	"rare"	"2cd4p9h.5bh"	"2cd4p9h.5bh"	"Limonium bellidifolium (Gouan) Dumort."	"Limonium bellidifolium"		"Limonium bellidifolium"				
"Melampyrum sylvaticum L."	"scarce"	"2cd4p9h.5cp"	"2cd4p9h.5cp"	"Melampyrum sylvaticum L."	"Melampyrum sylvaticum"		"Melampyrum sylvaticum"				
"Mentha pulegium L."	"scarce"	"2cd4p9h.5d6"	"2cd4p9h.5d6"	"Mentha pulegium L."	"Mentha pulegium"		"Mentha pulegium"				
"Mentha suaveolens Ehrh."	"scarce"	"2cd4p9h.5d9"	"2cd4p9h.5d9"	"Mentha suaveolens Ehrh."	"Mentha suaveolens"		"Mentha suaveolens"				
"Oxytropis campestris (L.) DC."	"rare"	"2cd4p9h.5fm"	"2cd4p9h.5fm"	"Oxytropis campestris (L.) DC."	"Oxytropis campestris"		"Oxytropis campestris"				
"Phyteuma orbiculare L."	"scarce"	"2cd4p9h.5gv"	"2cd4p9h.5gv"	"Phyteuma orbiculare L."	"Phyteuma orbiculare"		"Phyteuma orbiculare"				
"Poa alpina L."	"scarce"	"2cd4p9h.5gz"	"2cd4p9h.5gz"	"Poa alpina L."	"Poa alpina"		"Poa alpina"				
"Polycarpon tetraphyllum (L.) L."	"rare"	"2cd4p9h.5h5"	"2cd4p9h.5h5"	"Polycarpon tetraphyllum (L.) L."	"Polycarpon tetraphyllum"		"Polycarpon tetraphyllum"				
"Polygonum maritimum L."	"rare"	"2cd4p9h.5hq"	"2cd4p9h.5hq"	"Polygonum maritimum L."	"Polygonum maritimum"		"Polygonum maritimum"				
"Ribes alpinum L."	"scarce"	"2cd4p9h.5k5"	"2cd4p9h.5k5"	"Ribes alpinum L."	"Ribes alpinum"		"Ribes alpinum"				
"Sorbus subcuneata Wilmott"	"rare"	"2cd4p9h.5nb"	"2cd4p9h.5nb"	"Sorbus subcuneata Wilmott"	"Sorbus subcuneata"		"Sorbus subcuneata"				
"Thesium humifusum DC."	"scarce"	"2cd4p9h.5nn"	"2cd4p9h.5nn"	"Thesium humifusum DC."	"Thesium humifusum"		"Thesium humifusum"				
"Trifolium bocconei Savi"	"rare"	"2cd4p9h.5ya"	"2cd4p9h.5ya"	"Trifolium bocconei Savi"	"Trifolium bocconei"		"Trifolium bocconei"				
"Veronica spicata L. subsp. spicata"	"rare"	"2cd4p9h.5px"	"2cd4p9h.5px"	"Veronica spicata L. subsp. spicata"	"Veronica spicata subsp. spicata"		"Veronica spicata subsp. spicata"				
"Vicia lutea L."	"scarce"	"2cd4p9h.5q5"	"2cd4p9h.5q5"	"Vicia lutea L."	"Vicia lutea"		"Vicia lutea"				
"Wolffia arrhiza (L.) Horkel ex Wimm."	"scarce"	"2cd4p9h.5rw"	"2cd4p9h.5rw"	"Wolffia arrhiza (L.) Horkel ex Wimm."	"Wolffia arrhiza"		"Wolffia arrhiza"				
"Limonium procerum subsp. devoniense Ingr."	"rare"	"2cd4p9h.61b"	"2cd4p9h.61b"	"Limonium procerum subsp. devoniense Ingr."	"Limonium procerum subsp. devoniense"		"Limonium procerum subsp. devoniense"				
"Calamagrostis purpurea (Trin.) Trin."	"rare"	"2cd4p9h.62w"	"2cd4p9h.62w"	"Calamagrostis purpurea (Trin.) Trin."	"Calamagrostis purpurea"		"Calamagrostis purpurea"				
"Tephroseris integrifolia (L.) Holub"	"scarce"	"2cd4p9h.70k"	"2cd4p9h.70k"	"Tephroseris integrifolia (L.) Holub"	"Tephroseris integrifolia"		"Tephroseris integrifolia"				
"Epipactis leptochila (Godfery) Godfery s.s."	"scarce"	"2cd4p9h.71m"	"2cd4p9h.71m"	"Epipactis leptochila (Godfery) Godfery s.s."	"Epipactis leptochila"	"s.s."	"Epipactis leptochila"	"s.s."			
"Phyteuma spicatum L."	"rare"	"2cd4p9h.7p7"	"2cd4p9h.7p7"	"Phyteuma spicatum L."	"Phyteuma spicatum"		"Phyteuma spicatum"				
"Stachys alpina L."	"rare"	"2cd4p9h.82q"	"2cd4p9h.82q"	"Stachys alpina L."	"Stachys alpina"		"Stachys alpina"				
"Pyrola rotundifolia subsp. maritima (Kenyon) E.F.Warb."	"scarce"	"2cd4p9h.83a"	"2cd4p9h.83a"	"Pyrola rotundifolia subsp. maritima (Kenyon) E.F.Warb."	"Pyrola rotundifolia subsp. maritima"		"Pyrola rotundifolia subsp. maritima"				
"Scorzonera humilis L."	"rare"	"2cd4p9h.840"	"2cd4p9h.840"	"Scorzonera humilis L."	"Scorzonera humilis"		"Scorzonera humilis"				
"Limonium binervosum (G.E.Sm.) C.E.Salmon subsp. binervosum"	"rare"	"2cd4p9h.85q"	"2cd4p9h.85q"	"Limonium binervosum (G.E.Sm.) C.E.Salmon subsp. binervosum"	"Limonium binervosum subsp. binervosum"		"Limonium binervosum subsp. binervosum"				
"Ophioglossum lusitanicum L."	"rare"	"2cd4p9h.882"	"2cd4p9h.882"	"Ophioglossum lusitanicum L."	"Ophioglossum lusitanicum"		"Ophioglossum lusitanicum"				
"Alchemilla subcrenata Buser"	"rare"	"2cd4p9h.89g"	"2cd4p9h.89g"	"Alchemilla subcrenata Buser"	"Alchemilla subcrenata"		"Alchemilla subcrenata"				
"Alchemilla wichurae (Buser) Stefánsson"	"scarce"	"2cd4p9h.89w"	"2cd4p9h.89w"	"Alchemilla wichurae (Buser) Stefánsson"	"Alchemilla wichurae"		"Alchemilla wichurae"				
"Allium schoenoprasum L."	"scarce"	"2cd4p9h.89p"	"2cd4p9h.89p"	"Allium schoenoprasum L."	"Allium schoenoprasum"		"Allium schoenoprasum"				
"Allium sphaerocephalon L."	"rare"	"2cd4p9h.89s"	"2cd4p9h.89s"	"Allium sphaerocephalon L."	"Allium sphaerocephalon"		"Allium sphaerocephalon"				
"Calamagrostis scotica (Druce) Druce"	"rare"	"2cd4p9h.8e2"	"2cd4p9h.8e2"	"Calamagrostis scotica (Druce) Druce"	"Calamagrostis scotica"		"Calamagrostis scotica"				
"Callitriche truncata Guss."	"scarce"	"2cd4p9h.8e8"	"2cd4p9h.8e8"	"Callitriche truncata Guss."	"Callitriche truncata"		"Callitriche truncata"				
"Carex filiformis L."	"rare"	"2cd4p9h.8f4"	"2cd4p9h.8f4"	"Carex filiformis L."	"Carex filiformis"		"Carex filiformis"				
"Carex flava L."	"rare"	"2cd4p9h.8f7"	"2cd4p9h.8f7"	"Carex flava L."	"Carex flava"		"Carex flava"				
"Carex montana L."	"scarce"	"2cd4p9h.8fg"	"2cd4p9h.8fg"	"Carex montana L."	"Carex montana"		"Carex montana"				
"Carex recta Boott"	"rare"	"2cd4p9h.8fp"	"2cd4p9h.8fp"	"Carex recta Boott"	"Carex recta"		"Carex recta"				
"Carum carvi L."	"rare"	"2cd4p9h.8fs"	"2cd4p9h.8fs"	"Carum carvi L."	"Carum carvi"		"Carum carvi"				
"Cephalanthera rubra (L.) Rich."	"rare"	"2cd4p9h.8g9"	"2cd4p9h.8g9"	"Cephalanthera rubra (L.) Rich."	"Cephalanthera rubra"		"Cephalanthera rubra"				
"Cerastium fontanum subsp. scoticum Jalas & P.D.Sell"	"rare"	"2cd4p9h.8gf"	"2cd4p9h.8gf"	"Cerastium fontanum subsp. scoticum Jalas & P.D.Sell"	"Cerastium fontanum subsp. scoticum"		"Cerastium fontanum subsp. scoticum"				
"Cicendia filiformis (L.) Delarbre"	"scarce"	"2cd4p9h.8hb"	"2cd4p9h.8hb"	"Cicendia filiformis (L.) Delarbre"	"Cicendia filiformis"		"Cicendia filiformis"				
"Cyperus longus L."	"scarce"	"2cd4p9h.8vs"	"2cd4p9h.8vs"	"Cyperus longus L."	"Cyperus longus"		"Cyperus longus"				
"Dryas octopetala L."	"scarce"	"2cd4p9h.8ke"	"2cd4p9h.8ke"	"Dryas octopetala L."	"Dryas octopetala"		"Dryas octopetala"				
"Eryngium campestre L."	"rare"	"2cd4p9h.8x7"	"2cd4p9h.8x7"	"Eryngium campestre L."	"Eryngium campestre"		"Eryngium campestre"				
"Euphrasia frigida Pugsley"	"scarce"	"2cd4p9h.8xw"	"2cd4p9h.8xw"	"Euphrasia frigida Pugsley"	"Euphrasia frigida"		"Euphrasia frigida"				
"Euphrasia marshallii Pugsley"	"scarce"	"2cd4p9h.8xm"	"2cd4p9h.8xm"	"Euphrasia marshallii Pugsley"	"Euphrasia marshallii"		"Euphrasia marshallii"				
"Euphrasia vigursii Davey"	"rare"	"2cd4p9h.8xs"	"2cd4p9h.8xs"	"Euphrasia vigursii Davey"	"Euphrasia vigursii"		"Euphrasia vigursii"				
"Filago lutescens Jord."	"scarce"	"2cd4p9h.8mf"	"2cd4p9h.8mf"	"Filago lutescens Jord."	"Filago lutescens"		"Filago lutescens"				
"Frankenia laevis L."	"scarce"	"2cd4p9h.8mx"	"2cd4p9h.8mx"	"Frankenia laevis L."	"Frankenia laevis"		"Frankenia laevis"				
"Gladiolus illyricus W.D.J.Koch"	"rare"	"2cd4p9h.8nn"	"2cd4p9h.8nn"	"Gladiolus illyricus W.D.J.Koch"	"Gladiolus illyricus"		"Gladiolus illyricus"				
"Tuberaria guttata (L.) Fourr."	"rare"	"2cd4p9h.8yw"	"2cd4p9h.8yw"	"Tuberaria guttata (L.) Fourr."	"Tuberaria guttata"		"Tuberaria guttata"				
"Herminium monorchis (L.) R.Br."	"scarce"	"2cd4p9h.8p3"	"2cd4p9h.8p3"	"Herminium monorchis (L.) R.Br."	"Herminium monorchis"		"Herminium monorchis"				
"Scirpoides holoschoenus (L.) Soják"	"rare"	"2cd4p9h.8pv"	"2cd4p9h.8pv"	"Scirpoides holoschoenus (L.) Soják"	"Scirpoides holoschoenus"		"Scirpoides holoschoenus"				
"Hordelymus europaeus (L.) Jess. ex Harz"	"scarce"	"2cd4p9h.8py"	"2cd4p9h.8py"	"Hordelymus europaeus (L.) Jess. ex Harz"	"Hordelymus europaeus"		"Hordelymus europaeus"				
"Petrorhagia nanteuilii (Burnat) P.W.Ball & Heywood"	"rare"	"2cd4p9h.8ra"	"2cd4p9h.8ra"	"Petrorhagia nanteuilii (Burnat) P.W.Ball & Heywood"	"Petrorhagia nanteuilii"		"Petrorhagia nanteuilii"				
"Limonium humile Mill."	"scarce"	"2cd4p9h.8sc"	"2cd4p9h.8sc"	"Limonium humile Mill."	"Limonium humile"		"Limonium humile"				
"Limonium recurvum subsp. humile (Girard) Ingr."	"rare"	"2cd4p9h.8sf"	"2cd4p9h.8sf"	"Limonium recurvum subsp. humile (Girard) Ingr."	"Limonium recurvum subsp. humile"		"Limonium recurvum subsp. humile"				
"Limosella australis R.Br."	"rare"	"2cd4p9h.8sv"	"2cd4p9h.8sv"	"Limosella australis R.Br."	"Limosella australis"		"Limosella australis"				
"Lobelia urens L."	"rare"	"2cd4p9h.8te"	"2cd4p9h.8te"	"Lobelia urens L."	"Lobelia urens"		"Lobelia urens"				
"Lotus angustissimus L."	"scarce"	"2cd4p9h.8tk"	"2cd4p9h.8tk"	"Lotus angustissimus L."	"Lotus angustissimus"		"Lotus angustissimus"				
"Lotus subbiflorus Lag."	"scarce"	"2cd4p9h.8tn"	"2cd4p9h.8tn"	"Lotus subbiflorus Lag."	"Lotus subbiflorus"		"Lotus subbiflorus"				
"Luzula arcuata (Wahlenb.) Sw."	"rare"	"2cd4p9h.8tt"	"2cd4p9h.8tt"	"Luzula arcuata (Wahlenb.) Sw."	"Luzula arcuata"		"Luzula arcuata"				
"Mertensia maritima (L.) Gray"	"scarce"	"2cd4p9h.906"	"2cd4p9h.906"	"Mertensia maritima (L.) Gray"	"Mertensia maritima"		"Mertensia maritima"				
"Ophrys fuciflora (Crantz) Moench"	"rare"	"2cd4p9h.91k"	"2cd4p9h.91k"	"Ophrys fuciflora (Crantz) Moench"	"Ophrys fuciflora"		"Ophrys fuciflora"				
"Orobanche alba Stephan ex Willd."	"scarce"	"2cd4p9h.921"	"2cd4p9h.921"	"Orobanche alba Stephan ex Willd."	"Orobanche alba"		"Orobanche alba"				
"Orobanche caryophyllacea Sm."	"rare"	"2cd4p9h.924"	"2cd4p9h.924"	"Orobanche caryophyllacea Sm."	"Orobanche caryophyllacea"		"Orobanche caryophyllacea"				
"Parapholis incurva (L.) C.E.Hubb."	"scarce"	"2cd4p9h.92g"	"2cd4p9h.92g"	"Parapholis incurva (L.) C.E.Hubb."	"Parapholis incurva"		"Parapholis incurva"				
"Phleum alpinum L."	"scarce"	"2cd4p9h.936"	"2cd4p9h.936"	"Phleum alpinum L."	"Phleum alpinum"		"Phleum alpinum"				
"Polygonatum odoratum (Mill.) Druce"	"scarce"	"2cd4p9h.942"	"2cd4p9h.942"	"Polygonatum odoratum (Mill.) Druce"	"Polygonatum odoratum"		"Polygonatum odoratum"				
"Potamogeton epihydrus Raf."	"rare"	"2cd4p9h.94b"	"2cd4p9h.94b"	"Potamogeton epihydrus Raf."	"Potamogeton epihydrus"		"Potamogeton epihydrus"				
"Primula farinosa L."	"scarce"	"2cd4p9h.94n"	"2cd4p9h.94n"	"Primula farinosa L."	"Primula farinosa"		"Primula farinosa"				
"Primula scotica Hook."	"scarce"	"2cd4p9h.94q"	"2cd4p9h.94q"	"Primula scotica Hook."	"Primula scotica"		"Primula scotica"				
"Puccinellia distans subsp. borealis (Holmb.) W.E.Hughes"	"scarce"	"2cd4p9h.95a"	"2cd4p9h.95a"	"Puccinellia distans subsp. borealis (Holmb.) W.E.Hughes"	"Puccinellia distans subsp. borealis"		"Puccinellia distans subsp. borealis"				
"Puccinellia rupestris (With.) Fernald & Weath."	"scarce"	"2cd4p9h.95d"	"2cd4p9h.95d"	"Puccinellia rupestris (With.) Fernald & Weath."	"Puccinellia rupestris"		"Puccinellia rupestris"				
"Pyrola rotundifolia L. subsp. rotundifolia"	"scarce"	"2cd4p9h.95w"	"2cd4p9h.95w"	"Pyrola rotundifolia L. subsp. rotundifolia"	"Pyrola rotundifolia subsp. rotundifolia"		"Pyrola rotundifolia subsp. rotundifolia"				
"Ranunculus penicillatus (Dumort.) Bab. subsp. penicillatus"	"scarce"	"2cd4p9h.95s"	"2cd4p9h.95s"	"Ranunculus penicillatus (Dumort.) Bab. subsp. penicillatus"	"Ranunculus penicillatus subsp. penicillatus"		"Ranunculus penicillatus subsp. penicillatus"				
"Salix reticulata L."	"scarce"	"2cd4p9h.97e"	"2cd4p9h.97e"	"Salix reticulata L."	"Salix reticulata"		"Salix reticulata"				
"Saxifraga rivularis L."	"rare"	"2cd4p9h.984"	"2cd4p9h.984"	"Saxifraga rivularis L."	"Saxifraga rivularis"		"Saxifraga rivularis"				
"Selinum carvifolia (L.) L."	"rare"	"2cd4p9h.98w"	"2cd4p9h.98w"	"Selinum carvifolia (L.) L."	"Selinum carvifolia"		"Selinum carvifolia"				
"Silene otites (L.) Wibel"	"rare"	"2cd4p9h.99c"	"2cd4p9h.99c"	"Silene otites (L.) Wibel"	"Silene otites"		"Silene otites"				
"Sium latifolium L."	"scarce"	"2cd4p9h.99z"	"2cd4p9h.99z"	"Sium latifolium L."	"Sium latifolium"		"Sium latifolium"				
"Sorbus devoniensis E.F.Warb."	"scarce"	"2cd4p9h.9a5"	"2cd4p9h.9a5"	"Sorbus devoniensis E.F.Warb."	"Sorbus devoniensis"		"Sorbus devoniensis"				
"Sorbus porrigentiformis E.F.Warb."	"scarce"	"2cd4p9h.9ab"	"2cd4p9h.9ab"	"Sorbus porrigentiformis E.F.Warb."	"Sorbus porrigentiformis"		"Sorbus porrigentiformis"				
"Spartina maritima (Curtis) Fernald"	"scarce"	"2cd4p9h.9ak"	"2cd4p9h.9ak"	"Spartina maritima (Curtis) Fernald"	"Spartina maritima"		"Spartina maritima"				
"Verbascum pulverulentum Vill."	"scarce"	"2cd4p9h.9c6"	"2cd4p9h.9c6"	"Verbascum pulverulentum Vill."	"Verbascum pulverulentum"		"Verbascum pulverulentum"				
"Vicia bithynica (L.) L."	"scarce"	"2cd4p9h.9cx"	"2cd4p9h.9cx"	"Vicia bithynica (L.) L."	"Vicia bithynica"		"Vicia bithynica"				
"Vulpia fasciculata (Forssk.) Fritsch"	"scarce"	"2cd4p9h.9d5"	"2cd4p9h.9d5"	"Vulpia fasciculata (Forssk.) Fritsch"	"Vulpia fasciculata"		"Vulpia fasciculata"				
"Eleocharis mamillata subsp. austriaca (Hayek) Strandh."	"rare"	"2cd4p9h.9dh"	"2cd4p9h.9dh"	"Eleocharis mamillata subsp. austriaca (Hayek) Strandh."	"Eleocharis mamillata subsp. austriaca"		"Eleocharis mamillata subsp. austriaca"				
"Limonium britannicum Ingr."	"scarce"	"2cd4p9h.9ge"	"2cd4p9h.9ge"	"Limonium britannicum Ingr."	"Limonium britannicum"		"Limonium britannicum"				
"Maianthemum bifolium (L.) F.W.Schmidt"	"rare"	"2cd4p9h.b5k"	"2cd4p9h.b5k"	"Maianthemum bifolium (L.) F.W.Schmidt"	"Maianthemum bifolium"		"Maianthemum bifolium"				
"Koeleria vallesiana (Honck.) Gaudin"	"rare"	"2cd4p9h.b5n"	"2cd4p9h.b5n"	"Koeleria vallesiana (Honck.) Gaudin"	"Koeleria vallesiana"		"Koeleria vallesiana"				
"Alchemilla micans Buser"	"rare"	"2cd4p9h.b76"	"2cd4p9h.b76"	"Alchemilla micans Buser"	"Alchemilla micans"		"Alchemilla micans"				
"Sorbus arranensis Hedl."	"rare"	"2cd4p9h.bcw"	"2cd4p9h.bcw"	"Sorbus arranensis Hedl."	"Sorbus arranensis"		"Sorbus arranensis"				
"Armeria maritima subsp. elongata (Hoffm.) Bonnier"	"rare"	"2cd4p9h.bet"	"2cd4p9h.bet"	"Armeria maritima subsp. elongata (Hoffm.) Bonnier"	"Armeria maritima subsp. elongata"		"Armeria maritima subsp. elongata"				
"Limonium binervosum subsp. mutatum Ingr."	"rare"	"2cd4p9h.bgy"	"2cd4p9h.bgy"	"Limonium binervosum subsp. mutatum Ingr."	"Limonium binervosum subsp. mutatum"		"Limonium binervosum subsp. mutatum"				
"Cystopteris dickieana R.Sim"	"rare"	"2cd4p9h.bh5"	"2cd4p9h.bh5"	"Cystopteris dickieana R.Sim"	"Cystopteris dickieana"		"Cystopteris dickieana"				
"Asplenium septentrionale (L.) Hoffm."	"scarce"	"2cd4p9h.bhh"	"2cd4p9h.bhh"	"Asplenium septentrionale (L.) Hoffm."	"Asplenium septentrionale"		"Asplenium septentrionale"				
"Athyrium distentifolium Tausch ex Opiz"	"scarce"	"2cd4p9h.bhk"	"2cd4p9h.bhk"	"Athyrium distentifolium Tausch ex Opiz"	"Athyrium distentifolium"		"Athyrium distentifolium"				
"Dryopteris cristata (L.) A.Gray"	"rare"	"2cd4p9h.bht"	"2cd4p9h.bht"	"Dryopteris cristata (L.) A.Gray"	"Dryopteris cristata"		"Dryopteris cristata"				
"Alchemilla monticola Opiz"	"rare"	"2cd4p9h.bk2"	"2cd4p9h.bk2"	"Alchemilla monticola Opiz"	"Alchemilla monticola"		"Alchemilla monticola"				
"Angelica archangelica L."	"rare"	"2cd4p9h.bkn"	"2cd4p9h.bkn"	"Angelica archangelica L."	"Angelica archangelica"		"Angelica archangelica"				
"Bromus hordeaceus subsp. ferronii (Mabille) P.M.Sm."	"scarce"	"2cd4p9h.bmz"	"2cd4p9h.bmz"	"Bromus hordeaceus subsp. ferronii (Mabille) P.M.Sm."	"Bromus hordeaceus subsp. ferronii"		"Bromus hordeaceus subsp. ferronii"				
"Bunium bulbocastanum L."	"rare"	"2cd4p9h.bnh"	"2cd4p9h.bnh"	"Bunium bulbocastanum L."	"Bunium bulbocastanum"		"Bunium bulbocastanum"				
"Bupleurum tenuissimum L."	"scarce"	"2cd4p9h.bnn"	"2cd4p9h.bnn"	"Bupleurum tenuissimum L."	"Bupleurum tenuissimum"		"Bupleurum tenuissimum"				
"Carex buxbaumii Wahlenb."	"rare"	"2cd4p9h.bpf"	"2cd4p9h.bpf"	"Carex buxbaumii Wahlenb."	"Carex buxbaumii"		"Carex buxbaumii"				
"Carex chordorrhiza L.f."	"rare"	"2cd4p9h.bpy"	"2cd4p9h.bpy"	"Carex chordorrhiza L.f."	"Carex chordorrhiza"		"Carex chordorrhiza"				
"Centaurea calcitrapa L."	"rare"	"2cd4p9h.bq2"	"2cd4p9h.bq2"	"Centaurea calcitrapa L."	"Centaurea calcitrapa"		"Centaurea calcitrapa"				
"Cephalanthera longifolia (L.) Fritsch"	"scarce"	"2cd4p9h.bqe"	"2cd4p9h.bqe"	"Cephalanthera longifolia (L.) Fritsch"	"Cephalanthera longifolia"		"Cephalanthera longifolia"				
"Cerastium alpinum L."	"scarce"	"2cd4p9h.bqh"	"2cd4p9h.bqh"	"Cerastium alpinum L."	"Cerastium alpinum"		"Cerastium alpinum"				
"Cerastium pumilum Curtis"	"scarce"	"2cd4p9h.bqn"	"2cd4p9h.bqn"	"Cerastium pumilum Curtis"	"Cerastium pumilum"		"Cerastium pumilum"				
"Cirsium tuberosum (L.) All."	"scarce"	"2cd4p9h.bra"	"2cd4p9h.bra"	"Cirsium tuberosum (L.) All."	"Cirsium tuberosum"		"Cirsium tuberosum"				
"Eleocharis parvula (Roem. & Schult.) Link ex Bluff, Nees & Schauer"	"rare"	"2cd4p9h.btq"	"2cd4p9h.btq"	"Eleocharis parvula (Roem. & Schult.) Link ex Bluff, Nees & Schauer"	"Eleocharis parvula"		"Eleocharis parvula"				
"Galeopsis angustifolia Ehrh. ex Hoffm."	"scarce"	"2cd4p9h.c27"	"2cd4p9h.c27"	"Galeopsis angustifolia Ehrh. ex Hoffm."	"Galeopsis angustifolia"		"Galeopsis angustifolia"				
"Galium pumilum Murray"	"scarce"	"2cd4p9h.c2w"	"2cd4p9h.c2w"	"Galium pumilum Murray"	"Galium pumilum"		"Galium pumilum"				
"Helianthemum oelandicum (L.) Dum.Cours."	"scarce"	"2cd4p9h.c3x"	"2cd4p9h.c3x"	"Helianthemum oelandicum (L.) Dum.Cours."	"Helianthemum oelandicum"		"Helianthemum oelandicum"				
"Hippophae rhamnoides L."	"scarce"	"2cd4p9h.c45"	"2cd4p9h.c45"	"Hippophae rhamnoides L."	"Hippophae rhamnoides"		"Hippophae rhamnoides"				
"Homogyne alpina (L.) Cass."	"rare"	"2cd4p9h.c4b"	"2cd4p9h.c4b"	"Homogyne alpina (L.) Cass."	"Homogyne alpina"		"Homogyne alpina"				
"Isatis tinctoria L."	"scarce"	"2cd4p9h.c4t"	"2cd4p9h.c4t"	"Isatis tinctoria L."	"Isatis tinctoria"		"Isatis tinctoria"				
"Ludwigia palustris (L.) Elliott"	"rare"	"2cd4p9h.c54"	"2cd4p9h.c54"	"Ludwigia palustris (L.) Elliott"	"Ludwigia palustris"		"Ludwigia palustris"				
"Juncus biglumis L."	"scarce"	"2cd4p9h.c5w"	"2cd4p9h.c5w"	"Juncus biglumis L."	"Juncus biglumis"		"Juncus biglumis"				
"Limonium paradoxum Pugsley"	"rare"	"2cd4p9h.c6r"	"2cd4p9h.c6r"	"Limonium paradoxum Pugsley"	"Limonium paradoxum"		"Limonium paradoxum"				
"Limonium recurvum C.E.Salmon"	"rare"	"2cd4p9h.c6z"	"2cd4p9h.c6z"	"Limonium recurvum C.E.Salmon"	"Limonium recurvum"		"Limonium recurvum"				
"Limonium recurvum C.E.Salmon subsp. recurvum"	"rare"	"2cd4p9h.c72"	"2cd4p9h.c72"	"Limonium recurvum C.E.Salmon subsp. recurvum"	"Limonium recurvum subsp. recurvum"		"Limonium recurvum subsp. recurvum"				
"Medicago minima (L.) Bartal."	"scarce"	"2cd4p9h.c8w"	"2cd4p9h.c8w"	"Medicago minima (L.) Bartal."	"Medicago minima"		"Medicago minima"				
"Melittis melissophyllum L."	"scarce"	"2cd4p9h.c90"	"2cd4p9h.c90"	"Melittis melissophyllum L."	"Melittis melissophyllum"		"Melittis melissophyllum"				
"Mibora minima (L.) Desv."	"rare"	"2cd4p9h.c99"	"2cd4p9h.c99"	"Mibora minima (L.) Desv."	"Mibora minima"		"Mibora minima"				
"Najas marina L."	"rare"	"2cd4p9h.ca5"	"2cd4p9h.ca5"	"Najas marina L."	"Najas marina"		"Najas marina"				
"Ornithopus pinnatus (Mill.) Druce"	"rare"	"2cd4p9h.cb1"	"2cd4p9h.cb1"	"Ornithopus pinnatus (Mill.) Druce"	"Ornithopus pinnatus"		"Ornithopus pinnatus"				
"Fallopia dumetorum (L.) Holub"	"scarce"	"2cd4p9h.cem"	"2cd4p9h.cem"	"Fallopia dumetorum (L.) Holub"	"Fallopia dumetorum"		"Fallopia dumetorum"				
"Polypogon monspeliensis (L.) Desf."	"scarce"	"2cd4p9h.ces"	"2cd4p9h.ces"	"Polypogon monspeliensis (L.) Desf."	"Polypogon monspeliensis"		"Polypogon monspeliensis"				
"Ranunculus tripartitus DC."	"scarce"	"2cd4p9h.cgb"	"2cd4p9h.cgb"	"Ranunculus tripartitus DC."	"Ranunculus tripartitus"		"Ranunculus tripartitus"				
"Coincya monensis (L.) Greuter & Burdet subsp. monensis"	"scarce"	"2cd4p9h.ch7"	"2cd4p9h.ch7"	"Coincya monensis (L.) Greuter & Burdet subsp. monensis"	"Coincya monensis subsp. monensis"		"Coincya monensis subsp. monensis"				
"Salix arbuscula L."	"scarce"	"2cd4p9h.cvf"	"2cd4p9h.cvf"	"Salix arbuscula L."	"Salix arbuscula"		"Salix arbuscula"				
"Salvia pratensis L."	"scarce"	"2cd4p9h.cvr"	"2cd4p9h.cvr"	"Salvia pratensis L."	"Salvia pratensis"		"Salvia pratensis"				
"Saxifraga cernua L."	"rare"	"2cd4p9h.cw5"	"2cd4p9h.cw5"	"Saxifraga cernua L."	"Saxifraga cernua"		"Saxifraga cernua"				
"Scheuchzeria palustris L."	"rare"	"2cd4p9h.cwn"	"2cd4p9h.cwn"	"Scheuchzeria palustris L."	"Scheuchzeria palustris"		"Scheuchzeria palustris"				
"Sedum villosum L."	"scarce"	"2cd4p9h.ckw"	"2cd4p9h.ckw"	"Sedum villosum L."	"Sedum villosum"		"Sedum villosum"				
"Sorbus pseudofennica E.F.Warb."	"rare"	"2cd4p9h.cxv"	"2cd4p9h.cxv"	"Sorbus pseudofennica E.F.Warb."	"Sorbus pseudofennica"		"Sorbus pseudofennica"				
"Thymus serpyllum L."	"rare"	"2cd4p9h.cmt"	"2cd4p9h.cmt"	"Thymus serpyllum L."	"Thymus serpyllum"		"Thymus serpyllum"				
"Torilis arvensis (Huds.) Link"	"scarce"	"2cd4p9h.cn4"	"2cd4p9h.cn4"	"Torilis arvensis (Huds.) Link"	"Torilis arvensis"		"Torilis arvensis"				
"Verbascum lychnitis L."	"scarce"	"2cd4p9h.cyf"	"2cd4p9h.cyf"	"Verbascum lychnitis L."	"Verbascum lychnitis"		"Verbascum lychnitis"				
"Veronica spicata subsp. hybrida (L.) Gaudin"	"rare"	"2cd4p9h.cyr"	"2cd4p9h.cyr"	"Veronica spicata subsp. hybrida (L.) Gaudin"	"Veronica spicata subsp. hybrida"		"Veronica spicata subsp. hybrida"				
"Trifolium occidentale Coombe"	"scarce"	"2cd4p9h.cpn"	"2cd4p9h.cpn"	"Trifolium occidentale Coombe"	"Trifolium occidentale"		"Trifolium occidentale"				
"Sorbus wilmottiana E.F.Warb."	"rare"	"2cd4p9h.cpq"	"2cd4p9h.cpq"	"Sorbus wilmottiana E.F.Warb."	"Sorbus wilmottiana"		"Sorbus wilmottiana"				
"Limonium dodartiforme Ingr."	"rare"	"2cd4p9h.csb"	"2cd4p9h.csb"	"Limonium dodartiforme Ingr."	"Limonium dodartiforme"		"Limonium dodartiforme"				
"Limonium procerum subsp. cambrense Ingr."	"rare"	"2cd4p9h.cse"	"2cd4p9h.cse"	"Limonium procerum subsp. cambrense Ingr."	"Limonium procerum subsp. cambrense"		"Limonium procerum subsp. cambrense"				
"Erophila majuscula Jord."	"scarce"	"2cd4p9h.dgm"	"2cd4p9h.dgm"	"Erophila majuscula Jord."	"Erophila majuscula"		"Erophila majuscula"				
"Crepis praemorsa (L.) F.Walther"	"rare"	"2cd4p9h.dwp"	"2cd4p9h.dwp"	"Crepis praemorsa (L.) F.Walther"	"Crepis praemorsa"		"Crepis praemorsa"				
"Carex depauperata Curtis ex With."	"rare"	"2cd4p9h.ehq"	"2cd4p9h.ehq"	"Carex depauperata Curtis ex With."	"Carex depauperata"		"Carex depauperata"				
"Limonium parvum Ingr."	"rare"	"2cd4p9h.enk"	"2cd4p9h.enk"	"Limonium parvum Ingr."	"Limonium parvum"		"Limonium parvum"				
"Scleranthus perennis L."	"rare"	"2cd4p9h.enq"	"2cd4p9h.enq"	"Scleranthus perennis L."	"Scleranthus perennis"		"Scleranthus perennis"				
"Saxifraga cespitosa L."	"rare"	"2cd4p9h.eq2"	"2cd4p9h.eq2"	"Saxifraga cespitosa L."	"Saxifraga cespitosa"		"Saxifraga cespitosa"				
"Alisma gramineum Lej."	"rare"	"2cd4p9h.eqe"	"2cd4p9h.eqe"	"Alisma gramineum Lej."	"Alisma gramineum"		"Alisma gramineum"				
"Limonium binervosum subsp. saxonicum Ingr."	"rare"	"2cd4p9h.eqn"	"2cd4p9h.eqn"	"Limonium binervosum subsp. saxonicum Ingr."	"Limonium binervosum subsp. saxonicum"		"Limonium binervosum subsp. saxonicum"				
"Euphrasia campbelliae Pugsley"	"rare"	"2cd4p9h.erm"	"2cd4p9h.erm"	"Euphrasia campbelliae Pugsley"	"Euphrasia campbelliae"		"Euphrasia campbelliae"				
"Ophioglossum azoricum C.Presl"	"scarce"	"2cd4p9h.es9"	"2cd4p9h.es9"	"Ophioglossum azoricum C.Presl"	"Ophioglossum azoricum"		"Ophioglossum azoricum"				
"Trichomanes speciosum Willd."	"scarce"	"2cd4p9h.esy"	"2cd4p9h.esy"	"Trichomanes speciosum Willd."	"Trichomanes speciosum"		"Trichomanes speciosum"				
"Woodsia ilvensis (L.) R.Br."	"rare"	"2cd4p9h.esz"	"2cd4p9h.esz"	"Woodsia ilvensis (L.) R.Br."	"Woodsia ilvensis"		"Woodsia ilvensis"				
"Alchemilla glaucescens Wallr."	"scarce"	"2cd4p9h.ez7"	"2cd4p9h.ez7"	"Alchemilla glaucescens Wallr."	"Alchemilla glaucescens"		"Alchemilla glaucescens"				
"Bupleurum baldense Turra"	"rare"	"2cd4p9h.f2p"	"2cd4p9h.f2p"	"Bupleurum baldense Turra"	"Bupleurum baldense"		"Bupleurum baldense"				
"Campanula patula L."	"scarce"	"2cd4p9h.f39"	"2cd4p9h.f39"	"Campanula patula L."	"Campanula patula"		"Campanula patula"				
"Carex elongata L."	"scarce"	"2cd4p9h.f3r"	"2cd4p9h.f3r"	"Carex elongata L."	"Carex elongata"		"Carex elongata"				
"Carex lachenalii Schkuhr"	"rare"	"2cd4p9h.f3z"	"2cd4p9h.f3z"	"Carex lachenalii Schkuhr"	"Carex lachenalii"		"Carex lachenalii"				
"Carex norvegica Retz."	"rare"	"2cd4p9h.f45"	"2cd4p9h.f45"	"Carex norvegica Retz."	"Carex norvegica"		"Carex norvegica"				
"Cicuta virosa L."	"scarce"	"2cd4p9h.f5m"	"2cd4p9h.f5m"	"Cicuta virosa L."	"Cicuta virosa"		"Cicuta virosa"				
"Damasonium alisma Mill."	"rare"	"2cd4p9h.f7e"	"2cd4p9h.f7e"	"Damasonium alisma Mill."	"Damasonium alisma"		"Damasonium alisma"				
"Dianthus gratianopolitanus Vill."	"rare"	"2cd4p9h.f7q"	"2cd4p9h.f7q"	"Dianthus gratianopolitanus Vill."	"Dianthus gratianopolitanus"		"Dianthus gratianopolitanus"				
"Draba aizoides L."	"rare"	"2cd4p9h.f7t"	"2cd4p9h.f7t"	"Draba aizoides L."	"Draba aizoides"		"Draba aizoides"				
"Epipogium aphyllum Sw."	"rare"	"2cd4p9h.f8m"	"2cd4p9h.f8m"	"Epipogium aphyllum Sw."	"Epipogium aphyllum"		"Epipogium aphyllum"				
"Euphrasia ostenfeldii (Pugsley) Yeo"	"scarce"	"2cd4p9h.f9x"	"2cd4p9h.f9x"	"Euphrasia ostenfeldii (Pugsley) Yeo"	"Euphrasia ostenfeldii"		"Euphrasia ostenfeldii"				
"Euphrasia heslop-harrisonii Pugsley"	"scarce"	"2cd4p9h.f9y"	"2cd4p9h.f9y"	"Euphrasia heslop-harrisonii Pugsley"	"Euphrasia heslop-harrisonii"		"Euphrasia heslop-harrisonii"				
"Galium constrictum Chaub."	"rare"	"2cd4p9h.fak"	"2cd4p9h.fak"	"Galium constrictum Chaub."	"Galium constrictum"		"Galium constrictum"				
"Gentiana pneumonanthe L."	"scarce"	"2cd4p9h.faq"	"2cd4p9h.faq"	"Gentiana pneumonanthe L."	"Gentiana pneumonanthe"		"Gentiana pneumonanthe"				
"Gentiana verna L."	"rare"	"2cd4p9h.fat"	"2cd4p9h.fat"	"Gentiana verna L."	"Gentiana verna"		"Gentiana verna"				
"Hordeum marinum Huds."	"scarce"	"2cd4p9h.fc6"	"2cd4p9h.fc6"	"Hordeum marinum Huds."	"Hordeum marinum"		"Hordeum marinum"				
"Hornungia petraea (L.) Rchb."	"scarce"	"2cd4p9h.fcx"	"2cd4p9h.fcx"	"Hornungia petraea (L.) Rchb."	"Hornungia petraea"		"Hornungia petraea"				
"Juncus acutus L."	"scarce"	"2cd4p9h.fd5"	"2cd4p9h.fd5"	"Juncus acutus L."	"Juncus acutus"		"Juncus acutus"				
"Juncus capitatus Weigel"	"rare"	"2cd4p9h.fdb"	"2cd4p9h.fdb"	"Juncus capitatus Weigel"	"Juncus capitatus"		"Juncus capitatus"				
"Juncus pygmaeus Rich. ex Thuill."	"rare"	"2cd4p9h.fde"	"2cd4p9h.fde"	"Juncus pygmaeus Rich. ex Thuill."	"Juncus pygmaeus"		"Juncus pygmaeus"				
"Lathyrus japonicus Willd."	"scarce"	"2cd4p9h.fdt"	"2cd4p9h.fdt"	"Lathyrus japonicus Willd."	"Lathyrus japonicus"		"Lathyrus japonicus"				
"Luronium natans (L.) Raf."	"scarce"	"2cd4p9h.fff"	"2cd4p9h.fff"	"Luronium natans (L.) Raf."	"Luronium natans"		"Luronium natans"				
"Medicago sativa subsp. falcata (L.) Arcang."	"scarce"	"2cd4p9h.fg2"	"2cd4p9h.fg2"	"Medicago sativa subsp. falcata (L.) Arcang."	"Medicago sativa subsp. falcata"		"Medicago sativa subsp. falcata"				
"Melampyrum cristatum L."	"scarce"	"2cd4p9h.fg8"	"2cd4p9h.fg8"	"Melampyrum cristatum L."	"Melampyrum cristatum"		"Melampyrum cristatum"				
"Orchis simia Lam."	"rare"	"2cd4p9h.fv0"	"2cd4p9h.fv0"	"Orchis simia Lam."	"Orchis simia"		"Orchis simia"				
"Ornithogalum pyrenaicum L."	"scarce"	"2cd4p9h.fv9"	"2cd4p9h.fv9"	"Ornithogalum pyrenaicum L."	"Ornithogalum pyrenaicum"		"Ornithogalum pyrenaicum"				
"Pinus sylvestris L."	"scarce"	"2cd4p9h.fwn"	"2cd4p9h.fwn"	"Pinus sylvestris L."	"Pinus sylvestris"		"Pinus sylvestris"				
"Poa flexuosa Sm."	"rare"	"2cd4p9h.fk1"	"2cd4p9h.fk1"	"Poa flexuosa Sm."	"Poa flexuosa"		"Poa flexuosa"				
"Polygala amarella Crantz"	"rare"	"2cd4p9h.fk7"	"2cd4p9h.fk7"	"Polygala amarella Crantz"	"Polygala amarella"		"Polygala amarella"				
"Polygonatum verticillatum (L.) All."	"rare"	"2cd4p9h.fkw"	"2cd4p9h.fkw"	"Polygonatum verticillatum (L.) All."	"Polygonatum verticillatum"		"Polygonatum verticillatum"				
"Persicaria mitis (Schrank) Assenov"	"scarce"	"2cd4p9h.fkp"	"2cd4p9h.fkp"	"Persicaria mitis (Schrank) Assenov"	"Persicaria mitis"		"Persicaria mitis"				
"Potamogeton rutilus Wolfg."	"rare"	"2cd4p9h.fxf"	"2cd4p9h.fxf"	"Potamogeton rutilus Wolfg."	"Potamogeton rutilus"		"Potamogeton rutilus"				
"Potentilla crantzii (Crantz) Beck ex Fritsch"	"scarce"	"2cd4p9h.fxv"	"2cd4p9h.fxv"	"Potentilla crantzii (Crantz) Beck ex Fritsch"	"Potentilla crantzii"		"Potentilla crantzii"				
"Pulicaria vulgaris Gaertn."	"rare"	"2cd4p9h.fxz"	"2cd4p9h.fxz"	"Pulicaria vulgaris Gaertn."	"Pulicaria vulgaris"		"Pulicaria vulgaris"				
"Ranunculus flammula subsp. minimus (A.Benn.) Padmore"	"rare"	"2cd4p9h.fmb"	"2cd4p9h.fmb"	"Ranunculus flammula subsp. minimus (A.Benn.) Padmore"	"Ranunculus flammula subsp. minimus"		"Ranunculus flammula subsp. minimus"				
"Sarcocornia perennis (Mill.) A.J.Scott"	"scarce"	"2cd4p9h.fyx"	"2cd4p9h.fyx"	"Sarcocornia perennis (Mill.) A.J.Scott"	"Sarcocornia perennis"		"Sarcocornia perennis"				
"Salix myrsinites L."	"scarce"	"2cd4p9h.fyy"	"2cd4p9h.fyy"	"Salix myrsinites L."	"Salix myrsinites"		"Salix myrsinites"				
"Trichophorum cespitosum (L.) Hartm. s.s."	"scarce"	"2cd4p9h.fpn"	"2cd4p9h.fpn"	"Trichophorum cespitosum (L.) Hartm. s.s."	"Trichophorum cespitosum"	"s.s."	"Trichophorum cespitosum"	"s.s."			
"Sibthorpia europaea L."	"scarce"	"2cd4p9h.fr0"	"2cd4p9h.fr0"	"Sibthorpia europaea L."	"Sibthorpia europaea"		"Sibthorpia europaea"				
"Silene nutans L."	"scarce"	"2cd4p9h.fr9"	"2cd4p9h.fr9"	"Silene nutans L."	"Silene nutans"		"Silene nutans"				
"Sonchus palustris L."	"scarce"	"2cd4p9h.fry"	"2cd4p9h.fry"	"Sonchus palustris L."	"Sonchus palustris"		"Sonchus palustris"				
"Teucrium chamaedrys L."	"rare"	"2cd4p9h.fsq"	"2cd4p9h.fsq"	"Teucrium chamaedrys L."	"Teucrium chamaedrys"		"Teucrium chamaedrys"				
"Tilia platyphyllos Scop."	"scarce"	"2cd4p9h.ft4"	"2cd4p9h.ft4"	"Tilia platyphyllos Scop."	"Tilia platyphyllos"		"Tilia platyphyllos"				
"Veronica fruticans Jacq."	"rare"	"2cd4p9h.fzx"	"2cd4p9h.fzx"	"Veronica fruticans Jacq."	"Veronica fruticans"		"Veronica fruticans"				
"Hydrilla verticillata (L.f.) Royle"	"rare"	"2cd4p9h.g11"	"2cd4p9h.g11"	"Hydrilla verticillata (L.f.) Royle"	"Hydrilla verticillata"		"Hydrilla verticillata"				
"Senecio cambrensis Rosser"	"rare"	"2cd4p9h.g14"	"2cd4p9h.g14"	"Senecio cambrensis Rosser"	"Senecio cambrensis"		"Senecio cambrensis"				
"Gaudinia fragilis (L.) P.Beauv."	"scarce"	"2cd4p9h.g44"	"2cd4p9h.g44"	"Gaudinia fragilis (L.) P.Beauv."	"Gaudinia fragilis"		"Gaudinia fragilis"				
"Limonium britannicum Ingr. subsp. britannicum"	"rare"	"2cd4p9h.g4a"	"2cd4p9h.g4a"	"Limonium britannicum Ingr. subsp. britannicum"	"Limonium britannicum subsp. britannicum"		"Limonium britannicum subsp. britannicum"				
"Pilosella flagellaris subsp. bicapitata P.D.Sell & C.West"	"rare"	"2cd4p9h.gb3"	"2cd4p9h.gb3"	"Pilosella flagellaris subsp. bicapitata P.D.Sell & C.West"	"Pilosella flagellaris subsp. bicapitata"		"Pilosella flagellaris subsp. bicapitata"				
"Vulpia ciliata Dumort."	"scarce"	"2cd4p9h.gsw"	"2cd4p9h.gsw"	"Vulpia ciliata Dumort."	"Vulpia ciliata"		"Vulpia ciliata"				
"Eriophorum gracile W.D.J.Koch ex Roth"	"rare"	"2cd4p9h.hxd"	"2cd4p9h.hxd"	"Eriophorum gracile W.D.J.Koch ex Roth"	"Eriophorum gracile"		"Eriophorum gracile"				
"Myosotis alpestris F.W.Schmidt"	"rare"	"2cd4p9h.ht8"	"2cd4p9h.ht8"	"Myosotis alpestris F.W.Schmidt"	"Myosotis alpestris"		"Myosotis alpestris"				
"Viola kitaibeliana Schult."	"rare"	"2cd4p9h.v2m"	"2cd4p9h.v2m"	"Viola kitaibeliana Schult."	"Viola kitaibeliana"		"Viola kitaibeliana"				
"Pilularia globulifera L."	"scarce"	"2cd4p9h.v4h"	"2cd4p9h.v4h"	"Pilularia globulifera L."	"Pilularia globulifera"		"Pilularia globulifera"				
"Adonis annua L."	"scarce"	"2cd4p9h.v5p"	"2cd4p9h.v5p"	"Adonis annua L."	"Adonis annua"		"Adonis annua"				
"Ajuga pyramidalis L."	"scarce"	"2cd4p9h.v69"	"2cd4p9h.v69"	"Ajuga pyramidalis L."	"Ajuga pyramidalis"		"Ajuga pyramidalis"				
"Alchemilla glomerulans Buser"	"scarce"	"2cd4p9h.v6c"	"2cd4p9h.v6c"	"Alchemilla glomerulans Buser"	"Alchemilla glomerulans"		"Alchemilla glomerulans"				
"Astragalus alpinus L."	"rare"	"2cd4p9h.v8g"	"2cd4p9h.v8g"	"Astragalus alpinus L."	"Astragalus alpinus"		"Astragalus alpinus"				
"Calamagrostis stricta (Timm) Koeler"	"rare"	"2cd4p9h.v9f"	"2cd4p9h.v9f"	"Calamagrostis stricta (Timm) Koeler"	"Calamagrostis stricta"		"Calamagrostis stricta"				
"Carex capillaris L."	"scarce"	"2cd4p9h.v9y"	"2cd4p9h.v9y"	"Carex capillaris L."	"Carex capillaris"		"Carex capillaris"				
"Carex digitata L."	"scarce"	"2cd4p9h.v9z"	"2cd4p9h.v9z"	"Carex digitata L."	"Carex digitata"		"Carex digitata"				
"Chenopodium vulvaria L."	"rare"	"2cd4p9h.vbm"	"2cd4p9h.vbm"	"Chenopodium vulvaria L."	"Chenopodium vulvaria"		"Chenopodium vulvaria"				
"Cicerbita alpina (L.) Wallr."	"rare"	"2cd4p9h.vbp"	"2cd4p9h.vbp"	"Cicerbita alpina (L.) Wallr."	"Cicerbita alpina"		"Cicerbita alpina"				
"Crassula aquatica (L.) Schönland"	"rare"	"2cd4p9h.vcv"	"2cd4p9h.vcv"	"Crassula aquatica (L.) Schönland"	"Crassula aquatica"		"Crassula aquatica"				
"Daphne mezereum L."	"scarce"	"2cd4p9h.vd2"	"2cd4p9h.vd2"	"Daphne mezereum L."	"Daphne mezereum"		"Daphne mezereum"				
"Dianthus armeria L."	"scarce"	"2cd4p9h.vdb"	"2cd4p9h.vdb"	"Dianthus armeria L."	"Dianthus armeria"		"Dianthus armeria"				
"Erica ciliaris L."	"rare"	"2cd4p9h.vf6"	"2cd4p9h.vf6"	"Erica ciliaris L."	"Erica ciliaris"		"Erica ciliaris"				
"Eriocaulon aquaticum (Hill) Druce"	"rare"	"2cd4p9h.vfc"	"2cd4p9h.vfc"	"Eriocaulon aquaticum (Hill) Druce"	"Eriocaulon aquaticum"		"Eriocaulon aquaticum"				
"Genista pilosa L."	"rare"	"2cd4p9h.vv0"	"2cd4p9h.vv0"	"Genista pilosa L."	"Genista pilosa"		"Genista pilosa"				
"Gentiana nivalis L."	"rare"	"2cd4p9h.vv3"	"2cd4p9h.vv3"	"Gentiana nivalis L."	"Gentiana nivalis"		"Gentiana nivalis"				
"Geranium purpureum Vill."	"scarce"	"2cd4p9h.vvx"	"2cd4p9h.vvx"	"Geranium purpureum Vill."	"Geranium purpureum"		"Geranium purpureum"				
"Atriplex pedunculata L."	"rare"	"2cd4p9h.vvz"	"2cd4p9h.vvz"	"Atriplex pedunculata L."	"Atriplex pedunculata"		"Atriplex pedunculata"				
"Lepidium latifolium L."	"scarce"	"2cd4p9h.vxf"	"2cd4p9h.vxf"	"Lepidium latifolium L."	"Lepidium latifolium"		"Lepidium latifolium"				
"Lythrum hyssopifolia L."	"scarce"	"2cd4p9h.vmk"	"2cd4p9h.vmk"	"Lythrum hyssopifolia L."	"Lythrum hyssopifolia"		"Lythrum hyssopifolia"				
"Marrubium vulgare L."	"scarce"	"2cd4p9h.vmq"	"2cd4p9h.vmq"	"Marrubium vulgare L."	"Marrubium vulgare"		"Marrubium vulgare"				
"Medicago polymorpha L."	"scarce"	"2cd4p9h.vmt"	"2cd4p9h.vmt"	"Medicago polymorpha L."	"Medicago polymorpha"		"Medicago polymorpha"				
"Myosotis stolonifera (DC.) J.Gay ex Leresche & Levier"	"scarce"	"2cd4p9h.vy6"	"2cd4p9h.vy6"	"Myosotis stolonifera (DC.) J.Gay ex Leresche & Levier"	"Myosotis stolonifera"		"Myosotis stolonifera"				
"Nymphoides peltata Kuntze"	"scarce"	"2cd4p9h.vp2"	"2cd4p9h.vp2"	"Nymphoides peltata Kuntze"	"Nymphoides peltata"		"Nymphoides peltata"				
"Odontites vernus subsp. litoralis (Fr.) Nyman"	"scarce"	"2cd4p9h.vp5"	"2cd4p9h.vp5"	"Odontites vernus subsp. litoralis (Fr.) Nyman"	"Odontites vernus subsp. litoralis"		"Odontites vernus subsp. litoralis"				
"Ononis reclinata L."	"rare"	"2cd4p9h.vp8"	"2cd4p9h.vp8"	"Ononis reclinata L."	"Ononis reclinata"		"Ononis reclinata"				
"Ophrys sphegodes Mill."	"scarce"	"2cd4p9h.vpe"	"2cd4p9h.vpe"	"Ophrys sphegodes Mill."	"Ophrys sphegodes"		"Ophrys sphegodes"				
"Rhynchospora fusca (L.) W.T.Aiton"	"scarce"	"2cd4p9h.vtm"	"2cd4p9h.vtm"	"Rhynchospora fusca (L.) W.T.Aiton"	"Rhynchospora fusca"		"Rhynchospora fusca"				
"Ribes spicatum E.Robson"	"scarce"	"2cd4p9h.vtp"	"2cd4p9h.vtp"	"Ribes spicatum E.Robson"	"Ribes spicatum"		"Ribes spicatum"				
"Rumex aquaticus L."	"rare"	"2cd4p9h.vzx"	"2cd4p9h.vzx"	"Rumex aquaticus L."	"Rumex aquaticus"		"Rumex aquaticus"				
"Salix lapponum L."	"scarce"	"2cd4p9h.w0b"	"2cd4p9h.w0b"	"Salix lapponum L."	"Salix lapponum"		"Salix lapponum"				
"Saxifraga hirculus L."	"rare"	"2cd4p9h.w14"	"2cd4p9h.w14"	"Saxifraga hirculus L."	"Saxifraga hirculus"		"Saxifraga hirculus"				
"Tephroseris integrifolia (L.) Holub subsp. integrifolia"	"scarce"	"2cd4p9h.w1p"	"2cd4p9h.w1p"	"Tephroseris integrifolia (L.) Holub subsp. integrifolia"	"Tephroseris integrifolia subsp. integrifolia"		"Tephroseris integrifolia subsp. integrifolia"				
"Stratiotes aloides L."	"scarce"	"2cd4p9h.w32"	"2cd4p9h.w32"	"Stratiotes aloides L."	"Stratiotes aloides"		"Stratiotes aloides"				
"Suaeda vera Forssk. ex J.F.Gmel."	"scarce"	"2cd4p9h.w38"	"2cd4p9h.w38"	"Suaeda vera Forssk. ex J.F.Gmel."	"Suaeda vera"		"Suaeda vera"				
"Trifolium squamosum L."	"scarce"	"2cd4p9h.w4g"	"2cd4p9h.w4g"	"Trifolium squamosum L."	"Trifolium squamosum"		"Trifolium squamosum"				
"Utricularia vulgaris L. s.s."	"scarce"	"2cd4p9h.w4s"	"2cd4p9h.w4s"	"Utricularia vulgaris L. s.s."	"Utricularia vulgaris"	"s.s."	"Utricularia vulgaris"	"s.s."			
"Valerianella eriocarpa Desv."	"rare"	"2cd4p9h.w53"	"2cd4p9h.w53"	"Valerianella eriocarpa Desv."	"Valerianella eriocarpa"		"Valerianella eriocarpa"				
"Valerianella rimosa Bastard"	"scarce"	"2cd4p9h.w56"	"2cd4p9h.w56"	"Valerianella rimosa Bastard"	"Valerianella rimosa"		"Valerianella rimosa"				
"Viola lactea Sm."	"scarce"	"2cd4p9h.w5f"	"2cd4p9h.w5f"	"Viola lactea Sm."	"Viola lactea"		"Viola lactea"				
"Callitriche palustris L."	"rare"	"2cd4p9h.w74"	"2cd4p9h.w74"	"Callitriche palustris L."	"Callitriche palustris"		"Callitriche palustris"				
"Limonium britannicum subsp. coombense Ingr."	"rare"	"2cd4p9h.wad"	"2cd4p9h.wad"	"Limonium britannicum subsp. coombense Ingr."	"Limonium britannicum subsp. coombense"		"Limonium britannicum subsp. coombense"				
"Limonium loganicum Ingr."	"rare"	"2cd4p9h.wag"	"2cd4p9h.wag"	"Limonium loganicum Ingr."	"Limonium loganicum"		"Limonium loganicum"				
"Utricularia ochroleuca R.W.Hartm."	"rare"	"2cd4p9h.wz5"	"2cd4p9h.wz5"	"Utricularia ochroleuca R.W.Hartm."	"Utricularia ochroleuca"		"Utricularia ochroleuca"				
"Pulmonaria obscura Dumort."	"rare"	"2cd4p9h.k73"	"2cd4p9h.k73"	"Pulmonaria obscura Dumort."	"Pulmonaria obscura"		"Pulmonaria obscura"				
"Allium ampeloprasum L."	"scarce"	"2cd4p9h.kxp"	"2cd4p9h.kxp"	"Allium ampeloprasum L."	"Allium ampeloprasum"		"Allium ampeloprasum"				
"Festuca longifolia Thuill."	"scarce"	"2cd4p9h.kp9"	"2cd4p9h.kp9"	"Festuca longifolia Thuill."	"Festuca longifolia"		"Festuca longifolia"				
"Cotoneaster cambricus J.Fryer & B.Hylmö"	"rare"	"2cd4p9h.krd"	"2cd4p9h.krd"	"Cotoneaster cambricus J.Fryer & B.Hylmö"	"Cotoneaster cambricus"		"Cotoneaster cambricus"				
"Potentilla rupestris L."	"rare"	"2cd4p9h.kt5"	"2cd4p9h.kt5"	"Potentilla rupestris L."	"Potentilla rupestris"		"Potentilla rupestris"				
"Limonium binervosum (G.E.Sm.) C.E.Salmon s.s."	"scarce"	"2cd4p9h.x4k"	"2cd4p9h.x4k"	"Limonium binervosum (G.E.Sm.) C.E.Salmon s.s."	"Limonium binervosum"	"s.s."	"Limonium binervosum"	"s.s."			
"Adiantum capillus-veneris L."	"scarce"	"2cd4p9h.x63"	"2cd4p9h.x63"	"Adiantum capillus-veneris L."	"Adiantum capillus-veneris"		"Adiantum capillus-veneris"				
"Thelypteris palustris Schott"	"scarce"	"2cd4p9h.x78"	"2cd4p9h.x78"	"Thelypteris palustris Schott"	"Thelypteris palustris"		"Thelypteris palustris"				
"Woodsia alpina (Bolton) Gray"	"rare"	"2cd4p9h.x7h"	"2cd4p9h.x7h"	"Woodsia alpina (Bolton) Gray"	"Woodsia alpina"		"Woodsia alpina"				
"Alopecurus bulbosus Gouan"	"scarce"	"2cd4p9h.x9c"	"2cd4p9h.x9c"	"Alopecurus bulbosus Gouan"	"Alopecurus bulbosus"		"Alopecurus bulbosus"				
"Pulsatilla vulgaris Mill."	"scarce"	"2cd4p9h.xah"	"2cd4p9h.xah"	"Pulsatilla vulgaris Mill."	"Pulsatilla vulgaris"		"Pulsatilla vulgaris"				
"Anthyllis vulneraria subsp. lapponica (Hyl.) Jalas"	"scarce"	"2cd4p9h.xat"	"2cd4p9h.xat"	"Anthyllis vulneraria subsp. lapponica (Hyl.) Jalas"	"Anthyllis vulneraria subsp. lapponica"		"Anthyllis vulneraria subsp. lapponica"				
"Arabis scabra All."	"rare"	"2cd4p9h.xb7"	"2cd4p9h.xb7"	"Arabis scabra All."	"Arabis scabra"		"Arabis scabra"				
"Carex punctata Gaudin"	"scarce"	"2cd4p9h.xem"	"2cd4p9h.xem"	"Carex punctata Gaudin"	"Carex punctata"		"Carex punctata"				
"Carex rariflora (Wahlenb.) Sm."	"rare"	"2cd4p9h.xep"	"2cd4p9h.xep"	"Carex rariflora (Wahlenb.) Sm."	"Carex rariflora"		"Carex rariflora"				
"Carex saxatilis L."	"scarce"	"2cd4p9h.xf0"	"2cd4p9h.xf0"	"Carex saxatilis L."	"Carex saxatilis"		"Carex saxatilis"				
"Cerastium nigrescens (H.C.Watson) Edmondston ex H.C.Watson"	"scarce"	"2cd4p9h.xg2"	"2cd4p9h.xg2"	"Cerastium nigrescens (H.C.Watson) Edmondston ex H.C.Watson"	"Cerastium nigrescens"		"Cerastium nigrescens"				
"Cyperus fuscus L."	"rare"	"2cd4p9h.xgq"	"2cd4p9h.xgq"	"Cyperus fuscus L."	"Cyperus fuscus"		"Cyperus fuscus"				
"Cypripedium calceolus L."	"rare"	"2cd4p9h.xh1"	"2cd4p9h.xh1"	"Cypripedium calceolus L."	"Cypripedium calceolus"		"Cypripedium calceolus"				
"Dactylorhiza incarnata subsp. ochroleuca (Wüstnei ex Boll) P.F.Hunt & Summerh."	"rare"	"2cd4p9h.xha"	"2cd4p9h.xha"	"Dactylorhiza incarnata subsp. ochroleuca (Wüstnei ex Boll) P.F.Hunt & Summerh."	"Dactylorhiza incarnata subsp. ochroleuca"		"Dactylorhiza incarnata subsp. ochroleuca"				
"Cardamine bulbifera (L.) Crantz"	"scarce"	"2cd4p9h.xhw"	"2cd4p9h.xhw"	"Cardamine bulbifera (L.) Crantz"	"Cardamine bulbifera"		"Cardamine bulbifera"				
"Draba norvegica Gunnerus"	"scarce"	"2cd4p9h.xv0"	"2cd4p9h.xv0"	"Draba norvegica Gunnerus"	"Draba norvegica"		"Draba norvegica"				
"Erica vagans L."	"rare"	"2cd4p9h.xvy"	"2cd4p9h.xvy"	"Erica vagans L."	"Erica vagans"		"Erica vagans"				
"Erodium lebelii Jord."	"scarce"	"2cd4p9h.xvz"	"2cd4p9h.xvz"	"Erodium lebelii Jord."	"Erodium lebelii"		"Erodium lebelii"				
"Euphrasia pseudokerneri Pugsley"	"scarce"	"2cd4p9h.xwq"	"2cd4p9h.xwq"	"Euphrasia pseudokerneri Pugsley"	"Euphrasia pseudokerneri"		"Euphrasia pseudokerneri"				
"Festuca arenaria Osbeck"	"scarce"	"2cd4p9h.xk4"	"2cd4p9h.xk4"	"Festuca arenaria Osbeck"	"Festuca arenaria"		"Festuca arenaria"				
"Fumaria parviflora Lam."	"scarce"	"2cd4p9h.xxc"	"2cd4p9h.xxc"	"Fumaria parviflora Lam."	"Fumaria parviflora"		"Fumaria parviflora"				
"Gastridium ventricosum (Gouan) Schinz & Thell."	"scarce"	"2cd4p9h.xxv"	"2cd4p9h.xxv"	"Gastridium ventricosum (Gouan) Schinz & Thell."	"Gastridium ventricosum"		"Gastridium ventricosum"				
"Genista tinctoria subsp. littoralis (Corb.) Rothm."	"scarce"	"2cd4p9h.xxx"	"2cd4p9h.xxx"	"Genista tinctoria subsp. littoralis (Corb.) Rothm."	"Genista tinctoria subsp. littoralis"		"Genista tinctoria subsp. littoralis"				
"Helianthemum oelandicum subsp. incanum (Willk.) G.López"	"rare"	"2cd4p9h.xm8"	"2cd4p9h.xm8"	"Helianthemum oelandicum subsp. incanum (Willk.) G.López"	"Helianthemum oelandicum subsp. incanum"		"Helianthemum oelandicum subsp. incanum"				
"Herniaria ciliolata Melderis"	"rare"	"2cd4p9h.xme"	"2cd4p9h.xme"	"Herniaria ciliolata Melderis"	"Herniaria ciliolata"		"Herniaria ciliolata"				
"Hierochloe odorata (L.) P.Beauv."	"scarce"	"2cd4p9h.xmk"	"2cd4p9h.xmk"	"Hierochloe odorata (L.) P.Beauv."	"Hierochloe odorata"		"Hierochloe odorata"				
"Iberis amara L."	"scarce"	"2cd4p9h.xnd"	"2cd4p9h.xnd"	"Iberis amara L."	"Iberis amara"		"Iberis amara"				
"Illecebrum verticillatum L."	"scarce"	"2cd4p9h.xnw"	"2cd4p9h.xnw"	"Illecebrum verticillatum L."	"Illecebrum verticillatum"		"Illecebrum verticillatum"				
"Juncus castaneus Sm."	"scarce"	"2cd4p9h.xy0"	"2cd4p9h.xy0"	"Juncus castaneus Sm."	"Juncus castaneus"		"Juncus castaneus"				
"Juniperus communis subsp. hemisphaerica (C.Presl) Nyman"	"rare"	"2cd4p9h.xyc"	"2cd4p9h.xyc"	"Juniperus communis subsp. hemisphaerica (C.Presl) Nyman"	"Juniperus communis subsp. hemisphaerica"		"Juniperus communis subsp. hemisphaerica"				
"Matthiola sinuata (L.) W.T.Aiton"	"rare"	"2cd4p9h.xpq"	"2cd4p9h.xpq"	"Matthiola sinuata (L.) W.T.Aiton"	"Matthiola sinuata"		"Matthiola sinuata"				
"Meum athamanticum Jacq."	"scarce"	"2cd4p9h.xqw"	"2cd4p9h.xqw"	"Meum athamanticum Jacq."	"Meum athamanticum"		"Meum athamanticum"				
"Oenanthe fluviatilis (Bab.) Coleman"	"scarce"	"2cd4p9h.xrv"	"2cd4p9h.xrv"	"Oenanthe fluviatilis (Bab.) Coleman"	"Oenanthe fluviatilis"		"Oenanthe fluviatilis"				
"Orobanche rapum-genistae Thuill."	"scarce"	"2cd4p9h.xs2"	"2cd4p9h.xs2"	"Orobanche rapum-genistae Thuill."	"Orobanche rapum-genistae"		"Orobanche rapum-genistae"				
"Orobanche reticulata Wallr."	"rare"	"2cd4p9h.xs5"	"2cd4p9h.xs5"	"Orobanche reticulata Wallr."	"Orobanche reticulata"		"Orobanche reticulata"				
"Oxytropis halleri Bunge ex W.D.J.Koch"	"rare"	"2cd4p9h.xsh"	"2cd4p9h.xsh"	"Oxytropis halleri Bunge ex W.D.J.Koch"	"Oxytropis halleri"		"Oxytropis halleri"				
"Potamogeton acutifolius Link"	"rare"	"2cd4p9h.xtm"	"2cd4p9h.xtm"	"Potamogeton acutifolius Link"	"Potamogeton acutifolius"		"Potamogeton acutifolius"				
"Potamogeton compressus L."	"scarce"	"2cd4p9h.xtp"	"2cd4p9h.xtp"	"Potamogeton compressus L."	"Potamogeton compressus"		"Potamogeton compressus"				
"Sagina nivalis (Lindblom) Fr."	"rare"	"2cd4p9h.m1p"	"2cd4p9h.m1p"	"Sagina nivalis (Lindblom) Fr."	"Sagina nivalis"		"Sagina nivalis"				
"Salicornia fragilis P.W.Ball & Tutin"	"scarce"	"2cd4p9h.m26"	"2cd4p9h.m26"	"Salicornia fragilis P.W.Ball & Tutin"	"Salicornia fragilis"		"Salicornia fragilis"				
"Scilla autumnalis L."	"scarce"	"2cd4p9h.m3e"	"2cd4p9h.m3e"	"Scilla autumnalis L."	"Scilla autumnalis"		"Scilla autumnalis"				
"Sorbus leyana Wilmott"	"rare"	"2cd4p9h.m4p"	"2cd4p9h.m4p"	"Sorbus leyana Wilmott"	"Sorbus leyana"		"Sorbus leyana"				
"Spiranthes romanzoffiana Cham."	"scarce"	"2cd4p9h.m4s"	"2cd4p9h.m4s"	"Spiranthes romanzoffiana Cham."	"Spiranthes romanzoffiana"		"Spiranthes romanzoffiana"				
"Trinia glauca (L.) Dumort."	"rare"	"2cd4p9h.m65"	"2cd4p9h.m65"	"Trinia glauca (L.) Dumort."	"Trinia glauca"		"Trinia glauca"				
"Utricularia australis R.Br."	"scarce"	"2cd4p9h.m6b"	"2cd4p9h.m6b"	"Utricularia australis R.Br."	"Utricularia australis"		"Utricularia australis"				
"Veronica triphyllos L."	"rare"	"2cd4p9h.m77"	"2cd4p9h.m77"	"Veronica triphyllos L."	"Veronica triphyllos"		"Veronica triphyllos"				
"Veronica verna L."	"rare"	"2cd4p9h.m7a"	"2cd4p9h.m7a"	"Veronica verna L."	"Veronica verna"		"Veronica verna"				
"Atriplex longipes Drejer"	"scarce"	"2cd4p9h.m83"	"2cd4p9h.m83"	"Atriplex longipes Drejer"	"Atriplex longipes"		"Atriplex longipes"				
"Gagea bohemica (Zauschn.) Schult. & Schult.f."	"rare"	"2cd4p9h.m86"	"2cd4p9h.m86"	"Gagea bohemica (Zauschn.) Schult. & Schult.f."	"Gagea bohemica"		"Gagea bohemica"				
"Pilosella peleteriana (Mérat) F.W.Schultz & Sch.Bip."	"rare"	"2cd4p9h.mwp"	"2cd4p9h.mwp"	"Pilosella peleteriana (Mérat) F.W.Schultz & Sch.Bip."	"Pilosella peleteriana"		"Pilosella peleteriana"				
"Alchemilla acutiloba Opiz"	"scarce"	"2cd4p9h.nqq"	"2cd4p9h.nqq"	"Alchemilla acutiloba Opiz"	"Alchemilla acutiloba"		"Alchemilla acutiloba"				
"Salix caprea subsp. sphacelata (Sm.) Macreight"	"scarce"	"2cd4p9h.nrg"	"2cd4p9h.nrg"	"Salix caprea subsp. sphacelata (Sm.) Macreight"	"Salix caprea subsp. sphacelata"		"Salix caprea subsp. sphacelata"				
"Trifolium strictum L."	"rare"	"2cd4p9h.ns0"	"2cd4p9h.ns0"	"Trifolium strictum L."	"Trifolium strictum"		"Trifolium strictum"				
"Lactuca saligna L."	"rare"	"2cd4p9h.ns6"	"2cd4p9h.ns6"	"Lactuca saligna L."	"Lactuca saligna"		"Lactuca saligna"				
"Phyllodoce caerulea (L.) Bab."	"rare"	"2cd4p9h.y15"	"2cd4p9h.y15"	"Phyllodoce caerulea (L.) Bab."	"Phyllodoce caerulea"		"Phyllodoce caerulea"				
"Moneses uniflora (L.) A.Gray"	"rare"	"2cd4p9h.y2g"	"2cd4p9h.y2g"	"Moneses uniflora (L.) A.Gray"	"Moneses uniflora"		"Moneses uniflora"				
"Orchis purpurea Huds."	"scarce"	"2cd4p9h.y3v"	"2cd4p9h.y3v"	"Orchis purpurea Huds."	"Orchis purpurea"		"Orchis purpurea"				
"Seseli libanotis (L.) W.D.J.Koch"	"rare"	"2cd4p9h.y4e"	"2cd4p9h.y4e"	"Seseli libanotis (L.) W.D.J.Koch"	"Seseli libanotis"		"Seseli libanotis"				
"Scleranthus perennis subsp. prostratus P.D.Sell"	"rare"	"2cd4p9h.y5m"	"2cd4p9h.y5m"	"Scleranthus perennis subsp. prostratus P.D.Sell"	"Scleranthus perennis subsp. prostratus"		"Scleranthus perennis subsp. prostratus"				
"Lycopodiella inundata (L.) Holub"	"scarce"	"2cd4p9h.y9v"	"2cd4p9h.y9v"	"Lycopodiella inundata (L.) Holub"	"Lycopodiella inundata"		"Lycopodiella inundata"				
"Gymnocarpium robertianum (Hoffm.) Newman"	"scarce"	"2cd4p9h.ya5"	"2cd4p9h.ya5"	"Gymnocarpium robertianum (Hoffm.) Newman"	"Gymnocarpium robertianum"		"Gymnocarpium robertianum"				
"Aethusa cynapium subsp. agrestis (Wallr.) Dostál"	"scarce"	"2cd4p9h.yan"	"2cd4p9h.yan"	"Aethusa cynapium subsp. agrestis (Wallr.) Dostál"	"Aethusa cynapium subsp. agrestis"		"Aethusa cynapium subsp. agrestis"				
"Ajuga chamaepitys (L.) Schreb."	"scarce"	"2cd4p9h.yb4"	"2cd4p9h.yb4"	"Ajuga chamaepitys (L.) Schreb."	"Ajuga chamaepitys"		"Ajuga chamaepitys"				
"Arenaria norvegica subsp. anglica G.Halliday"	"rare"	"2cd4p9h.ycc"	"2cd4p9h.ycc"	"Arenaria norvegica subsp. anglica G.Halliday"	"Arenaria norvegica subsp. anglica"		"Arenaria norvegica subsp. anglica"				
"Arenaria norvegica Gunnerus subsp. norvegica"	"rare"	"2cd4p9h.ycf"	"2cd4p9h.ycf"	"Arenaria norvegica Gunnerus subsp. norvegica"	"Arenaria norvegica subsp. norvegica"		"Arenaria norvegica subsp. norvegica"				
"Buxus sempervirens L."	"rare"	"2cd4p9h.ydt"	"2cd4p9h.ydt"	"Buxus sempervirens L."	"Buxus sempervirens"		"Buxus sempervirens"				
"Campanula rapunculus L."	"rare"	"2cd4p9h.yem"	"2cd4p9h.yem"	"Campanula rapunculus L."	"Campanula rapunculus"		"Campanula rapunculus"				
"Carex atrata L."	"scarce"	"2cd4p9h.yf9"	"2cd4p9h.yf9"	"Carex atrata L."	"Carex atrata"		"Carex atrata"				
"Carex atrofusca Schkuhr"	"rare"	"2cd4p9h.yfc"	"2cd4p9h.yfc"	"Carex atrofusca Schkuhr"	"Carex atrofusca"		"Carex atrofusca"				
"Carex ericetorum Pollich"	"scarce"	"2cd4p9h.yfv"	"2cd4p9h.yfv"	"Carex ericetorum Pollich"	"Carex ericetorum"		"Carex ericetorum"				
"Carex humilis Leyss."	"scarce"	"2cd4p9h.yfy"	"2cd4p9h.yfy"	"Carex humilis Leyss."	"Carex humilis"		"Carex humilis"				
"Carex microglochin Wahlenb."	"rare"	"2cd4p9h.yfr"	"2cd4p9h.yfr"	"Carex microglochin Wahlenb."	"Carex microglochin"		"Carex microglochin"				
"Carex ornithopoda Willd."	"rare"	"2cd4p9h.yfz"	"2cd4p9h.yfz"	"Carex ornithopoda Willd."	"Carex ornithopoda"		"Carex ornithopoda"				
"Carex muricata L. subsp. muricata"	"rare"	"2cd4p9h.yg5"	"2cd4p9h.yg5"	"Carex muricata L. subsp. muricata"	"Carex muricata subsp. muricata"		"Carex muricata subsp. muricata"				
"Carex magellanica Lam."	"scarce"	"2cd4p9h.yg8"	"2cd4p9h.yg8"	"Carex magellanica Lam."	"Carex magellanica"		"Carex magellanica"				
"Crepis mollis (Jacq.) Asch."	"scarce"	"2cd4p9h.yvc"	"2cd4p9h.yvc"	"Crepis mollis (Jacq.) Asch."	"Crepis mollis"		"Crepis mollis"				
"Cuscuta europaea L."	"scarce"	"2cd4p9h.yvy"	"2cd4p9h.yvy"	"Cuscuta europaea L."	"Cuscuta europaea"		"Cuscuta europaea"				
"Dactylorhiza incarnata subsp. cruenta (O.F.Müll.) P.D.Sell"	"rare"	"2cd4p9h.yvz"	"2cd4p9h.yvz"	"Dactylorhiza incarnata subsp. cruenta (O.F.Müll.) P.D.Sell"	"Dactylorhiza incarnata subsp. cruenta"		"Dactylorhiza incarnata subsp. cruenta"				
"Dianthus deltoides L."	"scarce"	"2cd4p9h.yw8"	"2cd4p9h.yw8"	"Dianthus deltoides L."	"Dianthus deltoides"		"Dianthus deltoides"				
"Diapensia lapponica L."	"rare"	"2cd4p9h.ywe"	"2cd4p9h.ywe"	"Diapensia lapponica L."	"Diapensia lapponica"		"Diapensia lapponica"				
"Elatine hydropiper L."	"scarce"	"2cd4p9h.ywq"	"2cd4p9h.ywq"	"Elatine hydropiper L."	"Elatine hydropiper"		"Elatine hydropiper"				
"Epipactis atrorubens (Hoffm.) Besser"	"scarce"	"2cd4p9h.ykd"	"2cd4p9h.ykd"	"Epipactis atrorubens (Hoffm.) Besser"	"Epipactis atrorubens"		"Epipactis atrorubens"				
"Euphrasia cambrica Pugsley"	"rare"	"2cd4p9h.yx3"	"2cd4p9h.yx3"	"Euphrasia cambrica Pugsley"	"Euphrasia cambrica"		"Euphrasia cambrica"				
"Lamiastrum galeobdolon (L.) Ehrend. & Polatschek subsp. galeobdolon"	"rare"	"2cd4p9h.ymk"	"2cd4p9h.ymk"	"Lamiastrum galeobdolon (L.) Ehrend. & Polatschek subsp. galeobdolon"	"Lamiastrum galeobdolon subsp. galeobdolon"		"Lamiastrum galeobdolon subsp. galeobdolon"				
"Juncus balticus Willd."	"scarce"	"2cd4p9h.yp8"	"2cd4p9h.yp8"	"Juncus balticus Willd."	"Juncus balticus"		"Juncus balticus"				
"Linum perenne L."	"rare"	"2cd4p9h.yqs"	"2cd4p9h.yqs"	"Linum perenne L."	"Linum perenne"		"Linum perenne"				
"Poa glauca Vahl"	"scarce"	"2cd4p9h.p0e"	"2cd4p9h.p0e"	"Poa glauca Vahl"	"Poa glauca"		"Poa glauca"				
"Potamogeton coloratus Hornem."	"scarce"	"2cd4p9h.p11"	"2cd4p9h.p11"	"Potamogeton coloratus Hornem."	"Potamogeton coloratus"		"Potamogeton coloratus"				
"Primula elatior (L.) Hill"	"scarce"	"2cd4p9h.p1g"	"2cd4p9h.p1g"	"Primula elatior (L.) Hill"	"Primula elatior"		"Primula elatior"				
"Puccinellia fasciculata (Torr.) E.P.Bicknell"	"scarce"	"2cd4p9h.p23"	"2cd4p9h.p23"	"Puccinellia fasciculata (Torr.) E.P.Bicknell"	"Puccinellia fasciculata"		"Puccinellia fasciculata"				
"Ranunculus ophioglossifolius Vill."	"rare"	"2cd4p9h.p2y"	"2cd4p9h.p2y"	"Ranunculus ophioglossifolius Vill."	"Ranunculus ophioglossifolius"		"Ranunculus ophioglossifolius"				
"Rumex crispus subsp. uliginosus (Le Gall) Akeroyd"	"scarce"	"2cd4p9h.p3q"	"2cd4p9h.p3q"	"Rumex crispus subsp. uliginosus (Le Gall) Akeroyd"	"Rumex crispus subsp. uliginosus"		"Rumex crispus subsp. uliginosus"				
"Sagina saginoides (L.) H.Karst."	"scarce"	"2cd4p9h.p4d"	"2cd4p9h.p4d"	"Sagina saginoides (L.) H.Karst."	"Sagina saginoides"		"Sagina saginoides"				
"Salicornia obscura P.W.Ball & Tutin"	"rare"	"2cd4p9h.p4g"	"2cd4p9h.p4g"	"Salicornia obscura P.W.Ball & Tutin"	"Salicornia obscura"		"Salicornia obscura"				
"Salix lanata L."	"rare"	"2cd4p9h.p4m"	"2cd4p9h.p4m"	"Salix lanata L."	"Salix lanata"		"Salix lanata"				
"Cytisus scoparius subsp. maritimus (Rouy) Heywood"	"scarce"	"2cd4p9h.p4s"	"2cd4p9h.p4s"	"Cytisus scoparius subsp. maritimus (Rouy) Heywood"	"Cytisus scoparius subsp. maritimus"		"Cytisus scoparius subsp. maritimus"				
"Schoenoplectus triqueter (L.) Palla"	"rare"	"2cd4p9h.p5c"	"2cd4p9h.p5c"	"Schoenoplectus triqueter (L.) Palla"	"Schoenoplectus triqueter"		"Schoenoplectus triqueter"				
"Schoenus ferrugineus L."	"rare"	"2cd4p9h.p5f"	"2cd4p9h.p5f"	"Schoenus ferrugineus L."	"Schoenus ferrugineus"		"Schoenus ferrugineus"				
"Sibbaldia procumbens L."	"scarce"	"2cd4p9h.p6b"	"2cd4p9h.p6b"	"Sibbaldia procumbens L."	"Sibbaldia procumbens"		"Sibbaldia procumbens"				
"Sorbus anglica Hedl."	"rare"	"2cd4p9h.p6q"	"2cd4p9h.p6q"	"Sorbus anglica Hedl."	"Sorbus anglica"		"Sorbus anglica"				
"Sorbus domestica L."	"rare"	"2cd4p9h.p6t"	"2cd4p9h.p6t"	"Sorbus domestica L."	"Sorbus domestica"		"Sorbus domestica"				
"Sorbus lancastriensis E.F.Warb."	"rare"	"2cd4p9h.p71"	"2cd4p9h.p71"	"Sorbus lancastriensis E.F.Warb."	"Sorbus lancastriensis"		"Sorbus lancastriensis"				
"Sorbus minima (Ley) Hedl."	"rare"	"2cd4p9h.p74"	"2cd4p9h.p74"	"Sorbus minima (Ley) Hedl."	"Sorbus minima"		"Sorbus minima"				
"Sorbus rupicola (Syme) Hedl."	"scarce"	"2cd4p9h.p77"	"2cd4p9h.p77"	"Sorbus rupicola (Syme) Hedl."	"Sorbus rupicola"		"Sorbus rupicola"				
"Teucrium scordium L."	"rare"	"2cd4p9h.p7s"	"2cd4p9h.p7s"	"Teucrium scordium L."	"Teucrium scordium"		"Teucrium scordium"				
"Viola rupestris F.W.Schmidt"	"rare"	"2cd4p9h.pam"	"2cd4p9h.pam"	"Viola rupestris F.W.Schmidt"	"Viola rupestris"		"Viola rupestris"				
"Artemisia norvegica Fr."	"rare"	"2cd4p9h.pb9"	"2cd4p9h.pb9"	"Artemisia norvegica Fr."	"Artemisia norvegica"		"Artemisia norvegica"				
"Atriplex praecox Hülph."	"scarce"	"2cd4p9h.pbc"	"2cd4p9h.pbc"	"Atriplex praecox Hülph."	"Atriplex praecox"		"Atriplex praecox"				
"Limonium procerum (C.E.Salmon) Ingr. subsp. procerum"	"scarce"	"2cd4p9h.pe3"	"2cd4p9h.pe3"	"Limonium procerum (C.E.Salmon) Ingr. subsp. procerum"	"Limonium procerum subsp. procerum"		"Limonium procerum subsp. procerum"				
"Cochlearia micacea E.S.Marshall"	"rare"	"2cd4p9h.qs9"	"2cd4p9h.qs9"	"Cochlearia micacea E.S.Marshall"	"Cochlearia micacea"		"Cochlearia micacea"				
"Hypericum linariifolium Vahl"	"rare"	"2cd4p9h.qsc"	"2cd4p9h.qsc"	"Hypericum linariifolium Vahl"	"Hypericum linariifolium"		"Hypericum linariifolium"				
"Erigeron borealis (Vierh.) Simmons"	"rare"	"2cd4p9h.qsr"	"2cd4p9h.qsr"	"Erigeron borealis (Vierh.) Simmons"	"Erigeron borealis"		"Erigeron borealis"				
"Stachys germanica L."	"rare"	"2cd4p9h.qsz"	"2cd4p9h.qsz"	"Stachys germanica L."	"Stachys germanica"		"Stachys germanica"				
"Tephroseris integrifolia subsp. maritima (Syme) B.Nord."	"rare"	"2cd4p9h.qt2"	"2cd4p9h.qt2"	"Tephroseris integrifolia subsp. maritima (Syme) B.Nord."	"Tephroseris integrifolia subsp. maritima"		"Tephroseris integrifolia subsp. maritima"				
"Veronica alpina L."	"scarce"	"2cd4p9h.qt5"	"2cd4p9h.qt5"	"Veronica alpina L."	"Veronica alpina"		"Veronica alpina"				
"Carex salina Wahlenb."	"rare"	"2cd4p9h.r00"	"2cd4p9h.r00"	"Carex salina Wahlenb."	"Carex salina"		"Carex salina"				
"Clinopodium menthifolium (Host) Stace"	"rare"	"2cd4p9h.r0f"	"2cd4p9h.r0f"	"Clinopodium menthifolium (Host) Stace"	"Clinopodium menthifolium"		"Clinopodium menthifolium"				
"Orchis militaris L."	"rare"	"2cd4p9h.r3z"	"2cd4p9h.r3z"	"Orchis militaris L."	"Orchis militaris"		"Orchis militaris"				
"Pyrus cordata Desv."	"rare"	"2cd4p9h.r57"	"2cd4p9h.r57"	"Pyrus cordata Desv."	"Pyrus cordata"		"Pyrus cordata"				
"Limonium procerum (C.E.Salmon) Ingr."	"scarce"	"2cd4p9h.r63"	"2cd4p9h.r63"	"Limonium procerum (C.E.Salmon) Ingr."	"Limonium procerum"		"Limonium procerum"				
"Limonium recurvum subsp. portlandicum Ingr."	"rare"	"2cd4p9h.r66"	"2cd4p9h.r66"	"Limonium recurvum subsp. portlandicum Ingr."	"Limonium recurvum subsp. portlandicum"		"Limonium recurvum subsp. portlandicum"				
"Limonium transwallianum (Pugsley) Pugsley"	"rare"	"2cd4p9h.r69"	"2cd4p9h.r69"	"Limonium transwallianum (Pugsley) Pugsley"	"Limonium transwallianum"		"Limonium transwallianum"				
"Scleranthus perennis L. subsp. perennis"	"rare"	"2cd4p9h.r6f"	"2cd4p9h.r6f"	"Scleranthus perennis L. subsp. perennis"	"Scleranthus perennis subsp. perennis"		"Scleranthus perennis subsp. perennis"				
"Limonium binervosum subsp. anglicum Ingr."	"rare"	"2cd4p9h.r8a"	"2cd4p9h.r8a"	"Limonium binervosum subsp. anglicum Ingr."	"Limonium binervosum subsp. anglicum"		"Limonium binervosum subsp. anglicum"				
"Limonium binervosum subsp. cantianum Ingr."	"rare"	"2cd4p9h.r8d"	"2cd4p9h.r8d"	"Limonium binervosum subsp. cantianum Ingr."	"Limonium binervosum subsp. cantianum"		"Limonium binervosum subsp. cantianum"				
"Sorbus pseudomeinichii Ashley Robertson"	"rare"	"2cd4p9h.30bykv"	"2cd4p9h.30bykv"	"Sorbus pseudomeinichii Ashley Robertson"	"Sorbus pseudomeinichii"		"Sorbus pseudomeinichii"				
"Asparagus prostratus Dumort."	"rare"	"2cd4p9h.30ztkp"	"2cd4p9h.30ztkp"	"Asparagus prostratus Dumort."	"Asparagus prostratus"		"Asparagus prostratus"				
"Dactylorhiza traunsteinerioides (Pugsley) R.M.Bateman & Denholm"	"scarce"	"2cd4p9h.310yff"	"2cd4p9h.310yff"	"Dactylorhiza traunsteinerioides (Pugsley) R.M.Bateman & Denholm"	"Dactylorhiza traunsteinerioides"		"Dactylorhiza traunsteinerioides"				
"Alopecurus magellanicus Lam."	"scarce"	"2cd4p9h.3hkbsf"	"2cd4p9h.3hkbsf"	"Alopecurus magellanicus Lam."	"Alopecurus magellanicus"		"Alopecurus magellanicus"				
"Cystopteris diaphana (Bory) Blasdell"	"rare"	"2cd4p9h.3hkvht"	"2cd4p9h.3hkvht"	"Cystopteris diaphana (Bory) Blasdell"	"Cystopteris diaphana"		"Cystopteris diaphana"				
"Lycopodium lagopus (Laest. ex Hartm.) Zinserl. ex Kusen."	"rare"	"2cd4p9h.3hkqpb"	"2cd4p9h.3hkqpb"	"Lycopodium lagopus (Laest. ex Hartm.) Zinserl. ex Kusen."	"Lycopodium lagopus"		"Lycopodium lagopus"				
"Serapias lingua L."	"rare"	"2cd4p9h.3hx4dr"	"2cd4p9h.3hx4dr"	"Serapias lingua L."	"Serapias lingua"		"Serapias lingua"				
"Sorbus admonitor M.Proctor"	"rare"	"2cd4p9h.3hx54f"	"2cd4p9h.3hx54f"	"Sorbus admonitor M.Proctor"	"Sorbus admonitor"		"Sorbus admonitor"				
"Sorbus cambrensis M.Proctor"	"rare"	"2cd4p9h.3hx55q"	"2cd4p9h.3hx55q"	"Sorbus cambrensis M.Proctor"	"Sorbus cambrensis"		"Sorbus cambrensis"				
"Sorbus cheddarensis L.Houston & Ashley Robertson"	"rare"	"2cd4p9h.3hx55t"	"2cd4p9h.3hx55t"	"Sorbus cheddarensis L.Houston & Ashley Robertson"	"Sorbus cheddarensis"		"Sorbus cheddarensis"				
"Sorbus cuneifolia T.C.G.Rich"	"rare"	"2cd4p9h.3hx566"	"2cd4p9h.3hx566"	"Sorbus cuneifolia T.C.G.Rich"	"Sorbus cuneifolia"		"Sorbus cuneifolia"				
"Sorbus eminens E.F.Warb. s.s."	"rare"	"2cd4p9h.3hx56h"	"2cd4p9h.3hx56h"	"Sorbus eminens E.F.Warb. s.s."	"Sorbus eminens"	"s.s."	"Sorbus eminens"	"s.s."			
"Sorbus eminentiformis T.C.G.Rich"	"rare"	"2cd4p9h.3hx56k"	"2cd4p9h.3hx56k"	"Sorbus eminentiformis T.C.G.Rich"	"Sorbus eminentiformis"		"Sorbus eminentiformis"				
"Sorbus eminentoides L.Houston"	"rare"	"2cd4p9h.3hx56n"	"2cd4p9h.3hx56n"	"Sorbus eminentoides L.Houston"	"Sorbus eminentoides"		"Sorbus eminentoides"				
"Sorbus leighensis T.C.G.Rich"	"rare"	"2cd4p9h.3hx57h"	"2cd4p9h.3hx57h"	"Sorbus leighensis T.C.G.Rich"	"Sorbus leighensis"		"Sorbus leighensis"				
"Sorbus margaretae M.Proctor"	"rare"	"2cd4p9h.3hx57y"	"2cd4p9h.3hx57y"	"Sorbus margaretae M.Proctor"	"Sorbus margaretae"		"Sorbus margaretae"				
"Sorbus parviloba T.C.G.Rich"	"rare"	"2cd4p9h.3hx580"	"2cd4p9h.3hx580"	"Sorbus parviloba T.C.G.Rich"	"Sorbus parviloba"		"Sorbus parviloba"				
"Sorbus rupicoloides L.Houston & T.C.G.Rich"	"rare"	"2cd4p9h.3hx58f"	"2cd4p9h.3hx58f"	"Sorbus rupicoloides L.Houston & T.C.G.Rich"	"Sorbus rupicoloides"		"Sorbus rupicoloides"				
"Sorbus saxicola T.C.G.Rich"	"rare"	"2cd4p9h.3hx58k"	"2cd4p9h.3hx58k"	"Sorbus saxicola T.C.G.Rich"	"Sorbus saxicola"		"Sorbus saxicola"				
"Sorbus stenophylla M.Proctor"	"rare"	"2cd4p9h.3hx58t"	"2cd4p9h.3hx58t"	"Sorbus stenophylla M.Proctor"	"Sorbus stenophylla"		"Sorbus stenophylla"				
"Sorbus stirtoniana T.C.G.Rich"	"rare"	"2cd4p9h.3hx591"	"2cd4p9h.3hx591"	"Sorbus stirtoniana T.C.G.Rich"	"Sorbus stirtoniana"		"Sorbus stirtoniana"				
"Sorbus vexans E.F.Warb. s.s."	"rare"	"2cd4p9h.3hx59e"	"2cd4p9h.3hx59e"	"Sorbus vexans E.F.Warb. s.s."	"Sorbus vexans"	"s.s."	"Sorbus vexans"	"s.s."			
"Sorbus whiteana T.C.G.Rich & L.Houston"	"rare"	"2cd4p9h.3hx59k"	"2cd4p9h.3hx59k"	"Sorbus whiteana T.C.G.Rich & L.Houston"	"Sorbus whiteana"		"Sorbus whiteana"				
"Orchis anthropophora (L.) All."	"scarce"	"2cd4p9h.5k7h6t"	"2cd4p9h.5k7h6t"	"Orchis anthropophora (L.) All."	"Orchis anthropophora"		"Orchis anthropophora"				
"Neotinea ustulata (L.) R.M.Bateman, Pridgeon & M.W.Chase"	"scarce"	"2cd4p9h.5nhgyp"	"2cd4p9h.5nhgyp"	"Neotinea ustulata (L.) R.M.Bateman, Pridgeon & M.W.Chase"	"Neotinea ustulata"		"Neotinea ustulata"				
"Epipactis dunensis (T.Stephenson & T.A.Stephenson) Godfery"	"scarce"	"2cd4p9h.62r808"	"2cd4p9h.62r808"	"Epipactis dunensis (T.Stephenson & T.A.Stephenson) Godfery"	"Epipactis dunensis"		"Epipactis dunensis"				
"Noccaea caerulescens (J.Presl & C.Presl) F.K.Mey."	"scarce"	"2cd4p9h.6yde2p"	"2cd4p9h.6yde2p"	"Noccaea caerulescens (J.Presl & C.Presl) F.K.Mey."	"Noccaea caerulescens"		"Noccaea caerulescens"				
"Turritis glabra L."	"scarce"	"2cd4p9h.7gzd1a"	"2cd4p9h.7gzd1a"	"Turritis glabra L."	"Turritis glabra"		"Turritis glabra"				
"Aegonychon purpureocaeruleum (L.) Holub"	"rare"	"2cd4p9h.7mxzf3"	"2cd4p9h.7mxzf3"	"Aegonychon purpureocaeruleum (L.) Holub"	"Aegonychon purpureocaeruleum"		"Aegonychon purpureocaeruleum"				
"Carex simpliciuscula Wahlenb."	"scarce"	"2cd4p9h.7mm0yd"	"2cd4p9h.7mm0yd"	"Carex simpliciuscula Wahlenb."	"Carex simpliciuscula"		"Carex simpliciuscula"				
"Centaurium portense (Brot.) Butcher"	"rare"	"2cd4p9h.7mm0qd"	"2cd4p9h.7mm0qd"	"Centaurium portense (Brot.) Butcher"	"Centaurium portense"		"Centaurium portense"				
"Cherleria sedoides L."	"scarce"	"2cd4p9h.7mm119"	"2cd4p9h.7mm119"	"Cherleria sedoides L."	"Cherleria sedoides"		"Cherleria sedoides"				
"Imperatoria ostruthium L."	"scarce"	"2cd4p9h.7mm2y7"	"2cd4p9h.7mm2y7"	"Imperatoria ostruthium L."	"Imperatoria ostruthium"		"Imperatoria ostruthium"				
"Luzula pallescens Sw."	"rare"	"2cd4p9h.7mm35p"	"2cd4p9h.7mm35p"	"Luzula pallescens Sw."	"Luzula pallescens"		"Luzula pallescens"				
"Microthlaspi perfoliatum (L.) F.K.Mey."	"rare"	"2cd4p9h.7mm3bn"	"2cd4p9h.7mm3bn"	"Microthlaspi perfoliatum (L.) F.K.Mey."	"Microthlaspi perfoliatum"		"Microthlaspi perfoliatum"				
"Omalotheca norvegica (Gunnerus) Sch.Bip. & F.W.Schultz"	"rare"	"2cd4p9h.7mm3w3"	"2cd4p9h.7mm3w3"	"Omalotheca norvegica (Gunnerus) Sch.Bip. & F.W.Schultz"	"Omalotheca norvegica"		"Omalotheca norvegica"				
"Papaver cambricum L."	"scarce"	"2cd4p9h.7mm3rb"	"2cd4p9h.7mm3rb"	"Papaver cambricum L."	"Papaver cambricum"		"Papaver cambricum"				
"Petrosedum forsterianum (Sm.) Grulich"	"scarce"	"2cd4p9h.7mm3sy"	"2cd4p9h.7mm3sy"	"Petrosedum forsterianum (Sm.) Grulich"	"Petrosedum forsterianum"		"Petrosedum forsterianum"				
"Ruppia spiralis L. ex Dumort."	"scarce"	"2cd4p9h.7mm53b"	"2cd4p9h.7mm53b"	"Ruppia spiralis L. ex Dumort."	"Ruppia spiralis"		"Ruppia spiralis"				
"Salicornia emerici Duval-Jouve"	"rare"	"2cd4p9h.7mm548"	"2cd4p9h.7mm548"	"Salicornia emerici Duval-Jouve"	"Salicornia emerici"		"Salicornia emerici"				
"Salicornia disarticulata Moss"	"scarce"	"2cd4p9h.7mm54v"	"2cd4p9h.7mm54v"	"Salicornia disarticulata Moss"	"Salicornia disarticulata"		"Salicornia disarticulata"				
"Silene suecica (Lodd.) Greuter & Burdet"	"rare"	"2cd4p9h.7mm5vv"	"2cd4p9h.7mm5vv"	"Silene suecica (Lodd.) Greuter & Burdet"	"Silene suecica"		"Silene suecica"				
"Silene viscaria (L.) Jess."	"rare"	"2cd4p9h.7mm5vk"	"2cd4p9h.7mm5vk"	"Silene viscaria (L.) Jess."	"Silene viscaria"		"Silene viscaria"				
"Viola stagnina Kit."	"rare"	"2cd4p9h.7mm6bk"	"2cd4p9h.7mm6bk"	"Viola stagnina Kit."	"Viola stagnina"		"Viola stagnina"				
"Euphrasia officinalis subsp. monticola Silverside"	"scarce"	"2cd4p9h.7mm6zd"	"2cd4p9h.7mm6zd"	"Euphrasia officinalis subsp. monticola Silverside"	"Euphrasia officinalis subsp. monticola"		"Euphrasia officinalis subsp. monticola"				
"Potentilla verna L."	"scarce"	"2cd4p9h.7mmt9v"	"2cd4p9h.7mmt9v"	"Potentilla verna L."	"Potentilla verna"		"Potentilla verna"				
"Euphrasia officinalis subsp. pratensis Schübl. & G.Martens"	"scarce"	"2cd4p9h.83ng2k"	"2cd4p9h.83ng2k"	"Euphrasia officinalis subsp. pratensis Schübl. & G.Martens"	"Euphrasia officinalis subsp. pratensis"		"Euphrasia officinalis subsp. pratensis"				
"Arabidopsis petraea (L.) V.I.Dorof."	"scarce"	"2cd4p9h.83ng3h"	"2cd4p9h.83ng3h"	"Arabidopsis petraea (L.) V.I.Dorof."	"Arabidopsis petraea"		"Arabidopsis petraea"				
"Gagea serotina (L.) Ker Gawl."	"rare"	"2cd4p9h.83ng3q"	"2cd4p9h.83ng3q"	"Gagea serotina (L.) Ker Gawl."	"Gagea serotina"		"Gagea serotina"				
"Gentianopsis ciliata (L.) Ma"	"rare"	"2cd4p9h.83ng5b"	"2cd4p9h.83ng5b"	"Gentianopsis ciliata (L.) Ma"	"Gentianopsis ciliata"		"Gentianopsis ciliata"				
"Orobanche minor subsp. maritima (Pugsley) Rumsey"	"scarce"	"2cd4p9h.84hwgx"	"2cd4p9h.84hwgx"	"Orobanche minor subsp. maritima (Pugsley) Rumsey"	"Orobanche minor subsp. maritima"		"Orobanche minor subsp. maritima"				
"Bolboschoenus laticarpus Marhold, Hroudová, Ducháček & Zákr."	"scarce"	"2cd4p9h.8y6kc0"	"2cd4p9h.8y6kc0"	"Bolboschoenus laticarpus Marhold, Hroudová, Ducháček & Zákr."	"Bolboschoenus laticarpus"		"Bolboschoenus laticarpus"				
"Utricularia bremii Heer ex Koell."	"rare"	"2cd4p9h.95ys6v"	"2cd4p9h.95ys6v"	"Utricularia bremii Heer ex Koell."	"Utricularia bremii"		"Utricularia bremii"				
"Dactylorhiza praetermissa subsp. schoenophila R.M.Bateman & Denholm"	"scarce"	"2cd4p9h.aqkxze"	"2cd4p9h.aqkxze"	"Dactylorhiza praetermissa subsp. schoenophila R.M.Bateman & Denholm"	"Dactylorhiza praetermissa subsp. schoenophila"		"Dactylorhiza praetermissa subsp. schoenophila"				
"Centaurium intermedium (Wheldon) Druce"	"rare"	"2cd4p9h.aqkmdv"	"2cd4p9h.aqkmdv"	"Centaurium intermedium (Wheldon) Druce"	"Centaurium intermedium"		"Centaurium intermedium"				
"Dasiphora fruticosa (L.) Rydb."	"rare"	"2cd4p9h.aqkmhn"	"2cd4p9h.aqkmhn"	"Dasiphora fruticosa (L.) Rydb."	"Dasiphora fruticosa"		"Dasiphora fruticosa"				
"Draba muralis L."	"scarce"	"2cd4p9h.aqkmvm"	"2cd4p9h.52b"	"Drabella muralis (L.) Fourr."	"Drabella muralis"		"Draba muralis"				
"Jacobaea paludosa (L.) G.Gaertn., B.Mey. & Scherb."	"rare"	"2cd4p9h.aqkn69"	"2cd4p9h.aqkn69"	"Jacobaea paludosa (L.) G.Gaertn., B.Mey. & Scherb."	"Jacobaea paludosa"		"Jacobaea paludosa"				
"Micranthes nivalis (L.) Small"	"scarce"	"2cd4p9h.aqknem"	"2cd4p9h.aqknem"	"Micranthes nivalis (L.) Small"	"Micranthes nivalis"		"Micranthes nivalis"				
"Carex cespitosa L."	"rare"	"2cd4p9h.bket2q"	"2cd4p9h.bket2q"	"Carex cespitosa L."	"Carex cespitosa"		"Carex cespitosa"				
"Sorbus evansii T.C.G.Rich"	"rare"	"2cd4p9h.bmm978"	"2cd4p9h.bmm978"	"Sorbus evansii T.C.G.Rich"	"Sorbus evansii"		"Sorbus evansii"				
"Sorbus greenii T.C.G.Rich"	"rare"	"2cd4p9h.bmm97a"	"2cd4p9h.bmm97a"	"Sorbus greenii T.C.G.Rich"	"Sorbus greenii"		"Sorbus greenii"				
"Sorbus herefordensis D.Green"	"rare"	"2cd4p9h.bmm97c"	"2cd4p9h.bmm97c"	"Sorbus herefordensis D.Green"	"Sorbus herefordensis"		"Sorbus herefordensis"				
"Sorbus richii L.Houston"	"rare"	"2cd4p9h.bmm97e"	"2cd4p9h.bmm97e"	"Sorbus richii L.Houston"	"Sorbus richii"		"Sorbus richii"				
"Sorbus spectans L.Houston"	"rare"	"2cd4p9h.bmm97g"	"2cd4p9h.bmm97g"	"Sorbus spectans L.Houston"	"Sorbus spectans"		"Sorbus spectans"				
"Galatella linosyris (L.) Rchb.f."	"rare"	"2cd4p9h.cft6xz"	"2cd4p9h.cft6xz"	"Galatella linosyris (L.) Rchb.f."	"Galatella linosyris"		"Galatella linosyris"				
"Stuckenia filiformis (Pers.) Börner"	"scarce"	"2cd4p9h.cpy3zq"	"2cd4p9h.cpy3zq"	"Stuckenia filiformis (Pers.) Börner"	"Stuckenia filiformis"		"Stuckenia filiformis"				
"Zannichellia obtusifolia Talavera, García-Mur. & H.Smit"	"rare"	"2cd4p9h.eefbtx"	"2cd4p9h.eefbtx"	"Zannichellia obtusifolia Talavera, García-Mur. & H.Smit"	"Zannichellia obtusifolia"		"Zannichellia obtusifolia"				
"Rosa tomentella Léman"	"scarce"	"2cd4p9h.fvvy2a"	"2cd4p9h.fvvy2a"	"Rosa tomentella Léman"	"Rosa tomentella"		"Rosa tomentella"				
"Myosotis stricta Link ex Roem. & Schult."	"rare"	"2cd4p9h.gn5m7w"	"2cd4p9h.gn5m7w"	"Myosotis stricta Link ex Roem. & Schult."	"Myosotis stricta"		"Myosotis stricta"				
"Botrychium nordicum Stensvold & Farrar"	"rare"	"2cd4p9h.gnvdbz"	"2cd4p9h.gnvdbz"	"Botrychium nordicum Stensvold & Farrar"	"Botrychium nordicum"		"Botrychium nordicum"				
"Potentilla cryeri Druce ex P.D.Sell"	"rare"	"2cd4p9h.gnk96v"	"2cd4p9h.gnk96v"	"Potentilla cryeri Druce ex P.D.Sell"	"Potentilla cryeri"		"Potentilla cryeri"				
"Sorbus arvonicola P.D.Sell"	"rare"	"2cd4p9h.gnkek5"	"2cd4p9h.gnkek5"	"Sorbus arvonicola P.D.Sell"	"Sorbus arvonicola"		"Sorbus arvonicola"				
"Ervum gracile DC."	"scarce"	"2cd4p9h.va1yw1"	"2cd4p9h.va1yw1"	"Ervum gracile DC."	"Ervum gracile"		"Ervum gracile"				
"Viola canina subsp. ruppii (All.) Schübl. & G.Martens"	"rare"	"2cd4p9h.va1p0x"	"2cd4p9h.va1p0x"	"Viola canina subsp. ruppii (All.) Schübl. & G.Martens"	"Viola canina subsp. ruppii"		"Viola canina subsp. ruppii"				
"Erythranthe peregrina (Vall.-Marín) G.L.Nesom"	"rare"	"2cd4p9h.vee79d"	"2cd4p9h.vee79d"	"Erythranthe peregrina (Vall.-Marín) G.L.Nesom"	"Erythranthe peregrina"		"Erythranthe peregrina"				
"Sabulina verna (L.) Rchb."	"scarce"	"2cd4p9h.vefwr1"	"2cd4p9h.vefwr1"	"Sabulina verna (L.) Rchb."	"Sabulina verna"		"Sabulina verna"				
"Sabulina rubella (Wahlenb.) Dillenb. & Kadereit"	"rare"	"2cd4p9h.vefwr5"	"2cd4p9h.vefwr5"	"Sabulina rubella (Wahlenb.) Dillenb. & Kadereit"	"Sabulina rubella"		"Sabulina rubella"				
"Sabulina stricta (Sw.) Rchb."	"rare"	"2cd4p9h.vefwra"	"2cd4p9h.vefwra"	"Sabulina stricta (Sw.) Rchb."	"Sabulina stricta"		"Sabulina stricta"				
"Sabulina tenuifolia (L.) Rchb."	"scarce"	"2cd4p9h.vefwrf"	"2cd4p9h.vefwrf"	"Sabulina tenuifolia (L.) Rchb."	"Sabulina tenuifolia"		"Sabulina tenuifolia"				
"Oxybasis glauca (L.) S.Fuentes, Uotila & Borsch"	"scarce"	"2cd4p9h.vewmgn"	"2cd4p9h.vewmgn"	"Oxybasis glauca (L.) S.Fuentes, Uotila & Borsch"	"Oxybasis glauca"		"Oxybasis glauca"				
"Oxybasis chenopodioides (L.) S.Fuentes, Uotila & Borsch"	"scarce"	"2cd4p9h.vewmh1"	"2cd4p9h.vewmh1"	"Oxybasis chenopodioides (L.) S.Fuentes, Uotila & Borsch"	"Oxybasis chenopodioides"		"Oxybasis chenopodioides"				
"Oxybasis urbica (L.) S.Fuentes, Uotila & Borsch"	"scarce"	"2cd4p9h.vewmh6"	"2cd4p9h.vewmh6"	"Oxybasis urbica (L.) S.Fuentes, Uotila & Borsch"	"Oxybasis urbica"		"Oxybasis urbica"				
"Gentianella amarella subsp. anglica (Pugsley) T.C.G.Rich & McVeigh"	"scarce"	"2cd4p9h.vewpvz"	"2cd4p9h.vewpvz"	"Gentianella amarella subsp. anglica (Pugsley) T.C.G.Rich & McVeigh"	"Gentianella amarella subsp. anglica"		"Gentianella amarella subsp. anglica"				
"Gentianella amarella subsp. occidentalis T.C.G.Rich & McVeigh"	"rare"	"2cd4p9h.vewpw5"	"2cd4p9h.vewpw5"	"Gentianella amarella subsp. occidentalis T.C.G.Rich & McVeigh"	"Gentianella amarella subsp. occidentalis"		"Gentianella amarella subsp. occidentalis"				
"Helosciadium repens (Jacq.) W.D.J.Koch"	"rare"	"2cd4p9h.vek1xx"	"2cd4p9h.vek1xx"	"Helosciadium repens (Jacq.) W.D.J.Koch"	"Helosciadium repens"		"Helosciadium repens"				
"Lysimachia foemina (Mill.) U.Manns & Anderb."	"scarce"	"2cd4p9h.vek3h8"	"2cd4p9h.vek3h8"	"Lysimachia foemina (Mill.) U.Manns & Anderb."	"Lysimachia foemina"		"Lysimachia foemina"				
"Thysselinum palustre (L.) Hoffm."	"scarce"	"2cd4p9h.vek8we"	"2cd4p9h.vek8we"	"Thysselinum palustre (L.) Hoffm."	"Thysselinum palustre"		"Thysselinum palustre"				
"Clinopodium nepeta (L.) Kuntze"	"scarce"	"2cd4p9h.vek956"	"2cd4p9h.vek956"	"Clinopodium nepeta (L.) Kuntze"	"Clinopodium nepeta"		"Clinopodium nepeta"				
"Phelipanche purpurea (Jacq.) Soják"	"rare"	"2cd4p9h.vey5yy"	"2cd4p9h.vey5yy"	"Phelipanche purpurea (Jacq.) Soják"	"Phelipanche purpurea"		"Phelipanche purpurea"				
"Aristavena setacea (Huds.) F.Albers & Butzin"	"scarce"	"2cd4p9h.veyn0m"	"2cd4p9h.veyn0m"	"Aristavena setacea (Huds.) F.Albers & Butzin"	"Aristavena setacea"		"Aristavena setacea"				
